tree
version=v4
num_class=1
num_tree_per_iteration=1
label_index=0
max_feature_idx=9
objective=binary sigmoid:1
feature_names=event_cause event_type corridor hour dow month is_weekend latitude longitude corridor_recent_count
feature_infos=-1:13:5:6:2:0:10:15:1:7:12:9:8:3:14 -1:1:0 -1:11:10:2:19:3:7:14:18:12:9:15:1:16:13:21:5:6:8:17:0:20 [0:23] [0:6] [1:12] [0:1] [12.801041100000001:13.267510400000001] [77.308731080000001:77.769402549999995] [0:225]
tree_sizes=3276 3315 3309 3330 3330 3327 3344 3334 3340 3356 3356 3377 3358 3356 3340 3346 3321 3351 3373 3359 3342 3354 3360 3380 3355 3382 3373 3355 3368 3380 3372 3364 3361 3374 3374 3368 3355 3385 3376 3367 3365 3375 3354 3371 3392 3386 3347 3348 3388 3377 3391 3370 3368 3365 3389 3387

Tree=0
num_leaves=31
num_cat=2
split_feature=1 2 7 8 8 7 9 9 8 7 7 7 7 8 7 7 4 8 8 7 9 7 9 8 8 8 8 7 8 8
split_gain=2589.21 803.657 668.863 422.136 335.857 443.092 209.684 200.51 195.587 184.844 182.818 282.259 275.112 190.84 165.587 321.112 162.511 161.6 186.157 255.481 159.135 191.56 161.671 163.531 142.522 136.867 239.156 130.78 125.043 118.571
threshold=0 1 12.909801800000002 77.584443550000017 77.678366900000015 12.968033200000002 221.50000000000003 107.50000000000001 77.657511600000007 13.009077050000002 13.041080050000003 13.081705100000002 13.034605100000002 77.499606100000008 12.921141490000002 12.915581950000002 1.5000000000000002 77.640546300000025 77.607268400000009 12.968033200000002 16.500000000000004 13.095504350000001 15.500000000000002 77.640930200000014 77.621569600000015 77.539599700000011 77.528017250000019 13.067516900000003 77.624462700000024 77.64912750000002
decision_type=1 9 2 2 2 2 2 2 2 2 2 2 2 2 2 2 2 2 2 2 2 2 2 2 2 2 2 2 2 2
left_child=1 2 -1 6 -2 -6 10 8 17 -10 12 -12 13 -4 15 -9 -3 18 19 -5 21 22 23 25 -20 26 -18 -16 -26 -25
right_child=4 16 3 7 5 -7 -8 14 9 -11 11 -13 -14 -15 27 -17 20 -19 24 -21 -22 -23 -24 29 28 -27 -28 -29 -30 -31
leaf_value=-2.5654339687386485 -1.9801830418875728 -2.4093599237568903 -2.1014142898415655 -2.1190714302528426 -1.9903174006666198 -2.6953475415974202 -1.99031740066662 -2.031696656983625 -2.5331287118141725 -2.188019699046972 -2.5599909830230541 -2.1447918828372137 -2.0372147685257582 -2.3703110736631139 -2.1545716647094353 -2.6953475415974202 -2.6953475415974202 -2.0753620872227061 -2.4962315274969491 -2.3131286801648487 -2.6605594817462612 -2.2297952760381023 -2.1447918828372137 -2.1822646160941899 -2.0951086804437367 -2.6953475415974202 -2.1743849435148461 -2.4164146834773863 -2.4056970083718179 -2.5145389964321616
leaf_weight=21.611678138375282 64.777027297765017 34.360844720155001 7.0908228680491439 29.232344709336758 4.9778905883431417 4.034890029579401 3.9823124706745139 3.1729600466787806 12.980846580117943 5.5341932512819758 20.742624901235107 5.0996666327118865 7.4656486734747878 95.017502937465906 90.858122084289789 4.2831909544765949 4.841868035495283 11.321436263620852 14.100575160235168 40.401137493550777 20.176824565976858 6.0307951010763636 2.5498333163559428 4.1040885150432569 5.8469438254833204 19.367472141981125 4.0420132838189602 5.0328425653278819 7.269925307482481 7.7641527391970158
leaf_count=296 183 371 36 158 15 65 12 12 170 37 282 30 29 957 551 69 78 52 175 364 312 45 15 27 29 312 26 55 78 99
internal_value=-2.29625 -2.33749 -2.30372 -2.27925 -2.01997 -2.30595 -2.34791 -2.23765 -2.27981 -2.42997 -2.35843 -2.47806 -2.33022 -2.35164 -2.18596 -2.41293 -2.51086 -2.25411 -2.275 -2.23166 -2.54249 -2.49357 -2.53085 -2.55538 -2.38588 -2.62081 -2.45832 -2.16831 -2.26725 -2.39964
internal_weight=568.072 494.283 391.045 369.433 73.7898 9.01278 139.399 230.035 126.687 18.515 135.416 25.8423 109.574 102.108 103.347 7.45615 103.238 108.172 96.8509 69.6335 68.877 48.7002 42.6694 40.1196 27.2174 28.2514 8.88388 95.891 13.1169 11.8682
internal_count=4940 4677 3392 3096 263 80 1346 1750 1063 207 1334 312 1022 993 687 81 1285 856 804 522 914 602 557 542 282 416 104 606 107 126
cat_boundaries=0 1 2
cat_threshold=2 2153892
is_linear=0
shrinkage=1


Tree=1
num_leaves=31
num_cat=3
split_feature=0 2 7 7 7 7 7 8 8 8 8 8 3 7 7 3 3 7 8 7 7 9 5 5 3 3 2 8 8 7
split_gain=1279.79 675.642 363.782 236.313 213.564 142.272 150.792 121.059 118.497 100.974 126.076 210.42 113.358 102.217 106.956 110.937 98.6643 98.3211 95.8828 151.55 94.8846 93.9684 97.1947 145.092 93.1922 91.3804 83.6234 100.309 142.018 81.5049
threshold=0 1 12.909801800000002 13.040372700000001 13.007867700000002 13.045979900000001 13.063270700000002 77.697799100000012 77.747383950000014 77.607268400000009 77.574706850000027 77.521538100000015 5.5000000000000009 12.955488100000002 12.958296950000003 6.5000000000000009 22.500000000000004 13.033564850000003 77.557515250000009 13.081705100000002 12.966246800000002 18.500000000000004 11.500000000000002 1.5000000000000002 4.5000000000000009 1.5000000000000002 2 77.662797550000008 77.566019350000019 13.001849400000003
decision_type=9 9 2 2 2 2 2 2 2 2 2 2 2 2 2 2 2 2 2 2 2 2 2 2 2 2 9 2 2 2
left_child=7 2 -2 4 9 17 -7 29 18 10 11 -4 25 -13 -15 -16 24 26 19 -5 -18 22 23 -8 -12 -11 27 28 -3 -1
right_child=1 5 3 8 -6 6 21 -9 -10 12 16 13 -14 14 15 -17 20 -19 -20 -21 -22 -23 -24 -25 -26 -27 -28 -29 -30 -31
leaf_value=0.37743462510923309 0.017828291905781748 0.080858620209823262 0.3177236951251734 0.07093212778138909 0.33954892847757107 0.35510496464535402 0.34278341383970146 0.23321800369515727 0.41424394371817297 0.21023700072016488 0.21540144758766766 0.0068208281646873203 0.21610491649424693 0.32523665880304214 0.21400709763369738 0.0079301299212407705 -0.054134808278255897 -0.054275304451633893 -0.054850213136168682 0.39194956545646165 0.28661997623034646 -0.053774188320502216 0.35030975887610966 -0.054521784546366671 0.32528148737490797 -0.054860778089726198 0.012260572971240793 -0.05396918616854196 0.25768350156559433 0.31790059779070678
leaf_weight=158.71573311462998 19.577547013759613 25.966632422059774 24.465054586529732 16.853027299046524 58.594944790005684 8.5624671615660208 3.530962675809862 21.887519277632236 2.9865977466106406 5.2902477718889704 25.915391113609076 11.414435029029844 36.197790298610926 9.2378977537155134 15.648282214999201 11.208378493785856 4.0767940618097764 17.267004434019327 8.8055523671209794 4.7023627161979666 4.0949326381087303 6.3879419118165961 5.1950471736490718 6.5804164484143257 75.555344097316265 8.431967578828333 50.717568289488554 6.3366376385092726 20.17998705804348 90.141006819903851
leaf_count=439 268 302 119 209 211 43 19 144 6 38 165 133 240 53 111 130 61 243 112 11 16 99 25 89 306 107 617 93 122 368
internal_value=0.240298 0.178745 0.220687 0.239786 0.254275 0.0754923 0.177432 0.333632 0.113733 0.232695 0.250006 0.198588 0.169714 0.137239 0.178482 0.128003 0.283758 0.0561557 0.0841714 0.140963 0.116621 0.107307 0.174532 0.0842199 0.297218 0.0473409 0.0746324 0.111353 0.158184 0.35587
internal_weight=764.525 493.781 343.057 323.479 290.131 150.725 30.2568 270.744 33.3475 231.537 181.617 71.974 49.92 47.509 36.0946 26.8567 109.642 120.468 30.3609 21.5554 8.17173 21.6944 15.3064 10.1114 101.471 13.7222 103.201 52.4833 46.1466 248.857
internal_count=4899 3948 2296 2028 1690 1652 275 951 338 1479 1094 546 385 427 294 241 548 1377 332 220 77 232 133 108 471 145 1134 517 424 807
cat_boundaries=0 1 2 3
cat_threshold=5796 3181728 610816
is_linear=0
shrinkage=0.05


Tree=2
num_leaves=31
num_cat=2
split_feature=0 2 7 3 4 7 7 7 8 8 7 3 3 8 9 8 8 9 4 8 3 9 3 8 8 3 8 9 9 9
split_gain=443.899 269.248 205.807 86.1297 96.3617 58.4298 138.891 105.396 113.403 129.81 126.87 78.8898 78.3635 69.1577 83.6572 67.2025 180.039 80.6872 66.5273 64.9888 87.5516 89.9232 78.7655 103.108 179.316 65.2924 61.743 55.9908 54.7297 180.372
threshold=0 1 12.909801800000002 7.5000000000000009 1.5000000000000002 13.041080050000003 13.052727650000003 13.007867700000002 77.499606100000008 77.566019350000019 12.992944650000002 21.500000000000004 20.500000000000004 77.717893550000028 140.50000000000003 77.519080650000021 77.522902935000019 10.500000000000002 1.5000000000000002 77.597861900000012 5.5000000000000009 11.500000000000002 20.500000000000004 77.587510250000022 77.584008800000007 1.5000000000000002 77.58648285000001 6.5000000000000009 23.500000000000004 27.500000000000004
decision_type=9 9 2 2 2 2 2 2 2 2 2 2 2 2 2 2 2 2 2 2 2 2 2 2 2 2 2 2 2 2
left_child=-1 2 3 4 -2 7 27 8 -4 11 19 12 15 14 26 -10 -17 -18 -12 22 21 -21 -11 24 -24 -23 -8 -7 -3 -30
right_child=1 28 5 -5 -6 6 13 -9 9 10 18 -13 -14 -15 -16 16 17 -19 -20 20 -22 25 23 -25 -26 -27 -28 -29 29 -31
leaf_value=0.26378374369378166 0.27835268253523598 0.079433069400031253 0.28144325047644175 -0.054268671920536499 0.023261012429689927 0.19914951781552792 0.15003837261405387 0.245884589575878 0.003139794603829852 0.23986758630723412 0.16403832959349648 -0.055569424602030681 0.25222167632212356 0.36329392757779955 0.2589502311595257 0.33587038769695271 0.1847413469361423 0.017829216505762014 -0.056754870937327229 0.20998703209696581 0.19846583163858023 0.14174861809138237 0.022896768854566246 0.016245828309411386 0.29881303359405098 -0.055831787371878598 -0.055475903218272331 -0.054485923921938129 0.2653728207625865 0.047009578272021568
leaf_weight=216.13723663985729 6.2587811425328281 135.428272459656 28.885386146605015 11.348978899419306 9.062981650233267 2.7703223079442969 13.617401555180555 92.393451184034348 11.904505006968973 125.15283730626106 6.3491111770272237 6.0439477190375319 11.39343713223934 5.0030103847384444 13.336835764348505 8.9556392505764943 11.664002127945425 19.091953545808792 7.3741777762770653 10.490677475929262 74.157474361360073 7.0467379912734058 8.8231080025434512 9.6594333350658399 17.704165659844875 10.282949164509771 4.9952590577304354 10.140628576278685 17.486679684370756 20.594684068113565
leaf_count=457 21 1336 48 162 117 26 100 266 119 450 33 69 60 8 59 30 74 187 72 45 359 40 78 95 34 118 59 138 94 207
internal_value=0.189549 0.16126 0.182228 0.0501324 0.127463 0.192562 0.141112 0.198051 0.186265 0.178321 0.193609 0.116987 0.133539 0.190438 0.16337 0.107341 0.138578 0.0811296 0.0453956 0.201334 0.17009 0.0944508 0.221082 0.156112 0.207042 0.02451 0.0948825 -6.29826e-05 0.089184 0.14728
internal_weight=933.554 717.417 543.907 26.6707 15.3218 517.236 49.8635 467.373 374.98 346.094 277.041 69.0535 63.0095 36.9525 31.9495 51.6161 39.7116 30.756 13.7233 263.317 101.978 27.8204 161.34 36.1867 26.5273 17.3297 18.6127 12.911 173.51 38.0814
internal_count=4961 4504 2867 300 138 2567 390 2177 1911 1863 1324 539 470 226 218 410 291 261 105 1219 562 203 657 207 112 158 159 164 1637 301
cat_boundaries=0 1 2
cat_threshold=5124 2137760
is_linear=0
shrinkage=0.05


Tree=3
num_leaves=31
num_cat=2
split_feature=0 2 7 5 3 9 7 9 7 7 7 5 7 4 7 9 3 3 9 9 7 4 5 7 3 9 9 7 9 3
split_gain=361.886 291.135 145.822 94.0931 81.7825 68.6639 104.479 95.7288 80.5198 113.43 67.7228 65.989 90.3258 60.7416 52.4331 66.6727 153.156 95.227 83.1203 56.1324 50.5773 73.7244 44.4788 42.858 58.2599 49.7249 41.9962 37.5596 45.6075 89.2592
threshold=0 1 12.921141490000002 11.500000000000002 5.5000000000000009 18.500000000000004 12.978420750000002 35.500000000000007 13.045979900000001 13.054043250000001 12.917214500000002 1.5000000000000002 12.909801800000002 1.0000000180025095e-35 12.98128975 9.5000000000000018 6.5000000000000009 5.5000000000000009 6.5000000000000009 17.500000000000004 12.951245650000002 5.5000000000000009 1.5000000000000002 12.938772350000002 21.500000000000004 121.50000000000001 114.50000000000001 13.043412250000001 130.50000000000003 1.5000000000000002
decision_type=9 9 2 2 2 2 2 2 2 2 2 2 2 2 2 2 2 2 2 2 2 2 2 2 2 2 2 2 2 2
left_child=1 2 3 10 20 6 11 8 -7 -10 -1 12 -3 22 -8 17 19 18 -16 -17 21 -4 -6 -15 -25 -26 -24 28 29 -22
right_child=-2 5 4 -5 13 7 14 -9 9 -11 -12 -13 -14 23 15 16 -18 -19 -20 -21 27 -23 26 24 25 -27 -28 -29 -30 -31
leaf_value=0.1368874541736593 0.19627425140556778 0.2748021768378997 -0.0082984146044107407 -0.054852442390808623 0.16892971009506724 -0.05495481417026863 0.28130559524886783 0.21539573056797742 0.22269528280343917 -0.054343556980455676 -0.05486074934712435 -0.054775668171452588 -0.054745586623900659 0.23334253670654326 0.19880042083437954 -0.055477957187390119 0.18619614285555208 -0.055634773065949543 -0.055559044097894611 0.19336383804221868 0.025138477135114336 0.21188165726944475 -0.05693559854820044 0.18148776102675906 0.14769637586730378 0.015227241523903763 0.11516349799414478 0.055245114187829507 0.19884535039014783 0.15731626443119265
leaf_weight=28.921185880899429 413.23345179855824 4.2549029365181941 14.402336157858374 12.283649519085882 12.352816462516786 32.41370352357626 4.1561660617589942 5.1894285008311263 7.4804820343852025 7.3007259219884872 5.4768345877528182 19.230443816632032 4.0665234290063381 31.294650614261627 10.978273678570988 11.439936053007839 37.648426998406649 13.949853699654339 4.5400731116533271 2.8260957337915888 16.914889574050903 5.1653813123702994 6.3198945447802535 207.10866916179657 27.205434683710337 9.5781828686594945 8.072837293148039 12.481981113553045 29.9240702688694 52.154873602092266
leaf_count=200 986 26 138 164 54 404 17 36 20 104 76 250 53 102 57 136 237 165 54 22 125 13 64 748 130 73 40 107 91 251
internal_value=0.154723 0.123157 0.144877 0.0639372 0.15695 0.0555291 0.0808056 0.0115609 -0.0108522 0.0858604 0.106357 -0.00387371 0.113758 0.171266 0.108081 0.0992341 0.133331 0.0391658 0.124385 -0.00618249 0.123965 0.0498235 0.0993297 0.178257 0.171189 0.113202 0.0395942 0.136979 0.147285 0.124946
internal_weight=1058.37 645.133 479.658 46.6817 432.976 165.475 113.091 52.3843 47.1949 14.7812 34.398 27.5519 8.32143 301.932 85.5388 81.3827 51.9145 29.4682 15.5183 14.266 131.044 19.5677 26.7455 275.187 243.892 36.7836 14.3927 111.476 98.9938 69.0698
internal_count=4943 3957 2376 440 1936 1581 1017 564 528 124 276 329 79 1211 688 671 395 276 111 158 725 151 158 1053 951 203 104 574 467 376
cat_boundaries=0 1 2
cat_threshold=41283 3185792
is_linear=0
shrinkage=0.05


Tree=4
num_leaves=31
num_cat=1
split_feature=0 7 9 9 7 8 3 3 5 7 5 7 7 8 9 3 7 7 9 8 7 7 9 9 9 3 8 8 8 3
split_gain=222.748 178.093 127.951 142.14 94.6985 81.6844 62.3684 59.4684 102.025 58.5318 56.3856 111.429 89.0014 61.1199 52.752 57.4953 49.6804 88.3447 92.5261 74.6734 58.7214 68.3814 67.3421 94.8875 48.543 47.6533 56.8628 52.6735 91.2763 66.4042
threshold=0 12.905989700000001 23.500000000000004 18.500000000000004 12.925172055000003 77.678366900000015 11.500000000000002 4.5000000000000009 6.5000000000000009 13.086187200000003 11.500000000000002 12.986463750000002 13.039500865000003 77.698722650000022 6.5000000000000009 18.500000000000004 13.008331150000002 12.99367915 127.50000000000001 77.589460025000008 13.016773350000001 13.081705100000002 124.50000000000001 25.500000000000004 143.50000000000003 4.5000000000000009 77.595927150000009 77.607268400000009 77.678366900000015 18.500000000000004
decision_type=9 2 2 2 2 2 2 2 2 2 2 2 2 2 2 2 2 2 2 2 2 2 2 2 2 2 2 2 2 2
left_child=5 7 3 10 -5 -1 -7 8 -2 16 12 13 25 -12 -14 -16 17 -4 -19 20 -18 22 23 -22 -24 26 -3 29 -29 -27
right_child=1 2 9 4 -6 6 -8 -9 -10 -11 11 -13 14 -15 15 -17 19 18 -20 -21 21 -23 24 -25 -26 27 -28 28 -30 -31
leaf_value=0.19429412545299707 0.28348867716289411 -0.00028451469376151176 0.13660682621846684 0.21215367196499987 -0.017199656018201646 0.17428569386446274 0.0076699677571800259 -0.0546387066312395 -0.054734331710529695 0.015997823221287243 -0.056648006340006579 0.12146709496948208 0.14011525882025308 0.19355679241389159 -0.05593656929155652 0.10822947934209248 0.18501181428778035 -0.057340894688326566 0.12684427643098506 0.18773251560024073 0.17808739943411597 0.23729375236160533 0.18487578402773874 -0.056173465012936678 0.030053281285251518 0.21024628023689804 0.12971333812278601 0.064022087601399325 0.20894639924336011 0.12362794253851239
leaf_weight=285.34155086427927 4.1458252631127852 12.429554477334021 327.89921576157212 5.1439475268125525 35.98676160722971 11.863178409636022 10.666729263961313 18.980784978717566 4.8241429664194584 9.6300722770392877 18.443162173032764 35.172072362154722 10.64025681465864 2.8130853176116934 14.29985708743334 8.5058321282267553 25.794251017272472 12.475521348416807 15.037419676780699 109.69873528555036 5.9256377071142223 7.0335676968097678 14.466353684663774 15.979139201343058 7.7887914255261412 51.89781054854393 26.024533461779356 34.588329546153545 15.84027676284313 38.571720149368048
leaf_count=335 24 114 1251 12 397 28 79 258 66 85 197 201 61 17 169 60 85 121 60 219 24 6 68 175 51 142 135 253 77 214
internal_value=0.137019 0.118381 0.123738 0.0980552 0.0114841 0.181173 0.0954019 -0.00450211 0.101589 0.138185 0.111281 0.0668454 0.123064 -0.0235355 0.048184 0.0052924 0.140356 0.129386 0.043327 0.161241 0.123494 0.0924972 0.0694348 0.00719833 0.130691 0.137028 0.087694 0.150492 0.109545 0.173317
internal_weight=1197.91 890.037 862.086 310.357 41.1307 307.871 22.5299 27.9508 8.96997 551.729 269.226 56.4283 212.798 21.2562 33.4459 22.8057 542.099 355.412 27.5129 186.686 76.9877 51.1935 44.1599 21.9048 22.2551 179.352 38.4541 140.898 50.4286 90.4695
internal_count=4984 4542 4194 2049 409 442 107 348 90 2145 1640 415 1225 214 290 229 2060 1432 181 628 409 324 318 199 119 935 249 686 330 356
cat_boundaries=0 1
cat_threshold=4740
is_linear=0
shrinkage=0.05


Tree=5
num_leaves=31
num_cat=3
split_feature=0 7 9 9 9 9 3 9 2 2 8 3 4 9 3 4 7 7 8 7 8 8 7 9 7 3 7 9 9 7
split_gain=194.9 173.614 113.676 82.6428 55.2862 62.5248 52.3931 116.583 113.085 87.484 61.9074 58.8357 65.0397 50.2235 51.5497 46.1507 43.9497 81.8132 43.158 39.3707 39.1782 38.3743 38.2444 50.6927 38.1427 93.845 69.7914 66.9404 99.4574 65.6564
threshold=0 12.907220350000001 108.50000000000001 96.500000000000014 38.500000000000007 36.500000000000007 4.5000000000000009 8.5000000000000018 1 2 77.536484000000016 3.5000000000000004 4.5000000000000009 142.50000000000003 20.500000000000004 5.5000000000000009 13.022355900000003 13.052727650000003 77.547794150000016 13.019531750000001 77.547794150000016 77.676436400000014 13.010058200000001 170.50000000000003 12.970601450000002 7.5000000000000009 12.985113100000001 17.500000000000004 23.500000000000004 13.045979900000001
decision_type=9 2 2 2 2 2 2 2 9 9 2 2 2 2 2 2 2 2 2 2 2 2 2 2 2 2 2 2 2 2
left_child=-1 15 3 4 5 6 9 8 -8 -3 -11 12 -12 16 20 -2 19 -18 -6 -4 -15 -13 23 -22 -9 29 -27 -28 -29 -26
right_child=1 2 13 -5 18 -7 7 24 -10 10 11 21 -14 14 -16 -17 17 -19 -20 -21 22 -23 -24 -25 25 26 27 28 -30 -31
leaf_value=0.1458960987871207 -0.054353613007473073 -0.014432800802374055 0.13485696418453388 -0.020103614945753863 0.031209035363231608 -0.059814637442003805 0.085573629595212752 0.13761002600404013 -0.040836163328166253 -0.05460768565772648 0.18477797692056017 -0.056108727818616713 0.026337869104126135 0.014548282195731134 -0.0036425835508676705 0.1370786079177494 -0.06029529629919015 0.12859791758950509 0.16054947819671012 0.19278381924799465 0.14765416532612485 0.15295154838793448 0.17180518907820611 0.002427480593347318 -0.056033752131733242 -0.056543195340696718 0.16333524549675171 -0.015061182815941732 0.14325003510520332 0.12311533601363321
leaf_weight=511.93258252739906 22.852753594517711 35.772276058793068 171.36487846449018 17.664141837507486 7.6468263342976561 7.4373164474964133 27.971920516341925 95.206593308597803 26.608073368668556 5.6530935168266288 28.93621513620019 6.6890583112835866 8.3452605791389924 9.3152111917734128 12.511103712022303 3.6514406464993945 7.7170180305838612 22.288746044039726 41.194305956363678 35.390694707632065 13.397867120802404 3.267125740647316 23.689425751566887 10.895404122769831 15.213443655520679 5.5139444917440406 53.445872511714697 16.800761815160513 24.22737879678607 7.7042689323425284
leaf_count=972 326 312 543 127 48 58 139 327 296 77 140 79 70 58 89 32 66 106 130 31 36 11 32 60 176 61 205 188 117 45
internal_value=0.118148 0.0965062 0.102255 0.0858292 0.0903098 0.0836894 0.0866429 0.0974991 0.0321448 0.0532538 0.0855812 0.120475 0.149312 0.125577 0.0883068 -0.0279803 0.136566 0.0800175 0.140299 0.144772 0.108384 0.0124945 0.126601 0.0825208 0.113853 0.0954504 0.116368 0.126459 0.0784226 0.00419096
internal_weight=1280.31 768.372 741.868 435.298 417.634 368.793 361.355 272.692 54.58 88.663 52.8908 47.2377 37.2815 306.57 69.809 26.5042 236.761 30.0058 48.8411 206.756 57.2979 9.95618 47.9827 24.2933 218.112 122.906 99.988 94.474 41.0281 22.9177
internal_count=4957 3985 3627 2606 2479 2301 2243 1554 435 689 377 300 210 1021 275 358 746 172 178 574 186 90 128 96 1119 792 571 510 305 221
cat_boundaries=0 1 2 3
cat_threshold=5796 1082784 2180228
is_linear=0
shrinkage=0.05


Tree=6
num_leaves=31
num_cat=2
split_feature=2 0 9 9 7 7 7 9 4 4 7 5 7 3 9 7 9 7 5 7 9 9 9 7 7 4 7 7 3 4
split_gain=124.278 112.678 68.3449 75.8463 60.6228 63.6375 61.8542 49.7017 49.1968 50.5156 69.2142 47.1423 45.854 44.5335 66.9846 54.9221 50.1496 44.7984 44.6383 101.799 78.66 49.7387 56.1848 42.1026 38.6773 32.5055 32.3871 33.5003 30.5047 29.1897
threshold=0 1 109.50000000000001 96.500000000000014 12.911580850000002 13.022355900000003 13.052727650000003 6.5000000000000009 5.5000000000000009 1.5000000000000002 12.969446300000003 6.5000000000000009 12.956199150000002 1.5000000000000002 3.5000000000000004 13.081705100000002 3.5000000000000004 12.983796975000002 11.500000000000002 13.060627000000002 30.500000000000004 10.500000000000002 7.5000000000000009 12.840885850000001 13.014475500000001 5.5000000000000009 13.001849400000003 12.988296100000001 18.500000000000004 2.5000000000000004
decision_type=9 9 2 2 2 2 2 2 2 2 2 2 2 2 2 2 2 2 2 2 2 2 2 2 2 2 2 2 2 2
left_child=7 26 3 13 23 24 -7 -1 9 10 -9 -8 -5 14 -3 16 17 -15 -18 20 21 22 -20 -4 -6 -22 27 -2 -17 -16
right_child=1 2 4 12 5 6 11 8 -10 -11 -12 -13 -14 15 29 28 18 -19 19 -21 25 -23 -24 -25 -26 -27 -28 -29 -30 -31
leaf_value=-0.056441044274887386 0.13552319254806369 0.18350994909616292 0.15249112864108821 0.07820578425389163 0.11345031683969331 -0.059178584081497447 0.13190633355507655 0.14996434622612778 0.18561256965691095 -0.025026178790630245 -0.058431767861418286 0.0051701524719991662 -0.059746958677582944 -0.057442391311953694 0.047858028403288393 -0.05608948059531476 0.10888042985181833 0.097082865822581854 -0.057750346001508406 0.25593045112503204 0.076510290513804632 -0.05669326604677865 0.12734630899011101 -0.054415843272033332 0.15897220429710693 0.18537356298941662 0.11910925583919985 0.17297226061412141 0.066269110792710181 -0.057104444753098053
leaf_weight=14.825326580554245 248.38615075498819 5.76547747850418 3.3769265860319129 10.105161726474764 226.4236509911716 9.024284712970255 21.526896074414253 13.375814147293569 5.7547023184597483 20.633921008557081 5.6746962368488303 11.131866343319414 14.913284964859484 10.002381339669229 13.266249280422928 9.3525989763438719 267.77092230692506 8.8317098170518857 6.4798827394843128 6.6444122754037371 35.550102587789297 19.369297679513693 11.161826137453316 9.0417665578424913 58.773099213838577 8.4956589788198453 203.20562925189734 78.620507381856441 11.186110753566025 13.228639237582682
leaf_count=164 382 17 29 55 696 84 70 52 25 204 53 87 119 97 96 109 1189 45 61 9 168 215 49 135 58 18 399 66 73 135
internal_value=0.106163 0.109127 0.0921522 0.080588 0.110278 0.114397 0.0566907 0.0197726 0.0489901 0.0291783 0.0878881 0.0887078 -0.00402668 0.0855445 0.0290606 0.0901594 0.0945276 0.0150178 0.0987403 0.0677804 0.0523573 -0.00137545 0.0593594 0.00184689 0.122831 0.0975081 0.13229 0.144527 0.0105514 -0.00454871
internal_weight=1381.9 1321.63 791.422 452.124 339.298 326.88 41.683 60.2645 45.4391 39.6844 19.0505 32.6588 25.0184 427.105 32.2604 394.845 374.306 18.8341 355.472 87.7012 81.0568 37.011 17.6417 12.4187 285.197 44.0458 530.212 327.007 20.5387 26.4949
internal_count=4959 4461 3614 2455 1159 995 241 498 334 309 105 157 174 2281 248 2033 1851 142 1709 520 511 325 110 164 754 186 847 448 182 231
cat_boundaries=0 1 2
cat_threshold=335874 5796
is_linear=0
shrinkage=0.05


Tree=7
num_leaves=31
num_cat=3
split_feature=0 2 7 3 5 8 8 3 8 5 8 9 8 7 7 7 8 8 3 9 8 0 9 3 8 9 8 9 7 7
split_gain=203.714 163.363 61.8989 60.8165 78.2995 47.1102 61.1419 45.6015 74.4201 38.288 72.9321 54.6081 50.5496 41.309 52.1356 36.1048 34.0307 30.5703 41.827 28.1652 29.1337 39.3814 34.2308 27.5768 71.7916 88.1795 53.4991 39.2704 26.6737 25.7936
threshold=0 1 12.909801800000002 5.5000000000000009 6.5000000000000009 77.566019350000019 77.558758050000009 21.500000000000004 77.473412700000011 6.5000000000000009 77.723700325000024 23.500000000000004 77.629684800000021 12.965766900000002 12.980579500000003 13.041440350000002 77.656037400000017 77.681312700000021 11.500000000000002 4.5000000000000009 77.688010600000013 2 7.5000000000000009 4.5000000000000009 77.585195750000011 8.5000000000000018 77.70915620000001 39.500000000000007 13.016773350000001 13.011539550000002
decision_type=9 9 2 2 2 2 2 2 2 2 2 2 2 2 2 2 2 2 2 2 2 9 2 2 2 2 2 2 2 2
left_child=17 19 3 4 -3 6 7 -4 -9 23 11 12 13 -11 -15 -16 -14 28 -19 -2 21 22 -21 24 27 -26 -27 -7 -1 -13
right_child=1 2 5 -5 -6 9 -8 8 -10 10 -12 29 16 14 15 -17 -18 18 -20 20 -22 -23 -24 -25 25 26 -28 -29 -30 -31
leaf_value=0.14276165307853714 -0.057336352405898107 0.18194343604853253 0.080834976515010357 -0.055054048155053097 -0.055117702990274089 0.03132553149710144 -0.058800789684458593 0.14283098844551187 -0.059517658527922838 -0.060433601299678286 -0.062915829194538087 0.084718952561173802 0.15766686557913065 0.13180493275394214 -0.05827690635982298 0.11742057867879661 0.027149982337931547 0.12698607252172139 0.0032560897607558357 -0.055403532825895732 0.11281809849767617 -0.038329931381666599 0.052449494895499528 0.11199490772729082 0.13905336102969795 -0.061384781136144789 0.084034963689845033 0.1577223844281796 0.11426471728469441 0.12063138659650668
leaf_weight=240.73334266245365 12.647645980119703 8.7695998474955577 210.03635112568736 15.277608238160608 5.7782756835222235 7.8335083387792102 9.0344157665967924 6.6126880794763592 14.524232242256401 13.666041128337381 8.5418633893132192 150.07674936950207 12.62630093842745 10.659520186483862 11.217551060020922 3.9548479393124572 8.2626162990927678 17.846952535212044 11.065372996032236 8.6052366681396943 8.1003883555531484 19.654027737677097 50.711376633495092 300.58605654537678 13.774874024093149 19.659223634749655 9.3245670124888402 28.511801093816757 124.62707558274269 74.97869960218668
leaf_count=168 132 38 943 207 80 61 79 8 124 114 55 485 24 22 104 17 64 28 71 105 36 199 387 824 33 146 28 55 172 179
internal_value=0.0923933 0.0777686 0.0846049 0.0146181 0.087785 0.0878148 0.0688034 0.0737902 0.00378714 0.0945936 0.081047 0.0853551 0.0431356 0.00986749 0.0470594 -0.0124795 0.106041 0.125931 0.0796319 0.0112569 0.0225133 0.0132504 0.0314935 0.105082 0.0788152 0.0348995 -0.0146008 0.13048 0.133041 0.0966834
internal_weight=1437.7 1043.43 943.707 29.8255 14.5479 913.882 240.208 231.173 21.1369 673.674 293.984 285.442 60.3869 39.498 25.8319 15.1724 20.8889 394.273 28.9123 99.7187 87.071 78.9706 59.3166 379.69 79.104 42.7587 28.9838 36.3453 365.36 225.055
internal_count=4988 4549 3690 325 118 3365 1154 1075 132 2211 1064 1009 345 257 143 121 88 439 99 859 727 691 492 1147 323 207 174 116 340 664
cat_boundaries=0 1 2 3
cat_threshold=4740 1450571 8192
is_linear=0
shrinkage=0.05


Tree=8
num_leaves=31
num_cat=3
split_feature=0 2 7 0 5 3 8 8 8 4 8 8 3 8 7 7 3 7 9 9 7 4 3 3 7 3 8 8 8 9
split_gain=96.7081 76.5981 61.5315 40.7934 38.4199 47.5972 31.4067 52.3554 38.4507 33.5163 33.8737 29.987 59.229 59.8734 37.5947 77.7292 37.3673 43.6312 50.7589 43.1544 33.2988 26.5006 25.0131 40.1644 60.3827 24.4178 39.0978 50.1268 65.6374 31.8669
threshold=0 1 12.909801800000002 2 6.5000000000000009 4.5000000000000009 77.638382950000008 77.608918750000015 77.64912750000002 4.5000000000000009 77.529072655000007 77.583953400000013 19.500000000000004 77.506036600000016 13.021236600000002 13.012931075000003 9.5000000000000018 13.033564850000003 6.5000000000000009 114.50000000000001 12.938772350000002 1.5000000000000002 18.500000000000004 20.500000000000004 13.047648600000002 11.500000000000002 77.723700325000024 77.70915620000001 77.656037400000017 163.50000000000003
decision_type=9 9 2 9 2 2 2 2 2 2 2 2 2 2 2 2 2 2 2 2 2 2 2 2 2 2 2 2 2 2
left_child=22 3 4 6 5 -3 7 9 -8 -2 -11 12 16 -14 15 20 17 -4 -19 -20 -15 -21 -1 24 -24 26 27 28 29 -13
right_child=1 2 11 -5 -6 -7 8 -9 -10 10 -12 25 13 14 -16 -17 -18 18 19 21 -22 -23 23 -25 -26 -27 -28 -29 -30 -31
leaf_value=0.12744126124236302 0.065436448405733358 0.17447340676100165 0.086886769940178452 -0.034285717311879758 -0.054934161199488477 -3.9072862928280252e-05 0.15679413442186643 -0.056657009473817424 0.020852971603497902 0.10813864933405655 -0.056835222219868399 0.091130888856053568 0.10867871557203726 0.084622828755944707 -0.060163728076574413 0.13674147370902892 0.11729591258231456 0.15684022317619017 -0.057768841452633182 0.13127677272594057 -0.021549475089292985 0.0053465443433235007 -0.023377427328332329 0.11604155142521347 0.1124552808240879 0.1023835372294427 -0.0057375100145880993 0.13797444768179731 0.0070571246348284716 0.0012633248530534388
leaf_weight=239.54149383306503 66.936828751116991 6.0058152526617077 161.01808094605803 14.432361509650944 12.25349233299494 11.181840382516382 12.837823495268823 13.416654851287602 8.7449850738048536 4.1857503727078464 12.124032098799942 218.94765554368496 24.040521305054426 9.4307785779237729 12.816513437777756 14.055996827781199 72.406134288758039 6.3961939364671698 15.479003675282 7.1055199280381229 34.042246088385582 10.138735942542551 14.589634947478769 102.75547685474157 18.628190085291862 319.33163633570075 12.015634112060068 40.492124147713184 28.847619518637657 10.329886116087435
leaf_count=207 391 20 529 171 183 101 40 148 66 21 135 697 71 31 109 45 183 18 165 16 202 62 66 117 18 847 66 53 148 45
internal_value=0.0880464 0.0777617 0.0831424 0.0332293 0.0127129 0.0609401 0.0435006 0.0350033 0.101713 0.0497759 -0.0144962 0.0860564 0.0746938 0.040558 0.0172778 0.0345305 0.0865155 0.0753797 0.0280161 0.00283568 0.00148291 0.0572363 0.114665 0.100591 0.0527961 0.0926747 0.082694 0.0862522 0.0781385 0.087082
internal_weight=1534.53 1159.01 1026.34 132.678 29.4411 17.1877 118.246 96.6633 21.5828 83.2466 16.3098 996.894 366.93 94.3861 70.3455 57.529 272.544 200.138 39.1195 32.7233 43.473 17.2443 375.515 135.973 33.2178 629.965 310.633 298.617 258.125 229.278
internal_count=4971 4563 3591 972 304 121 801 695 106 547 156 3287 1431 458 387 278 973 790 261 243 233 78 408 201 84 1856 1009 943 890 742
cat_boundaries=0 1 2 3
cat_threshold=4228 2433611 9248
is_linear=0
shrinkage=0.05


Tree=9
num_leaves=31
num_cat=2
split_feature=0 2 7 3 8 8 8 3 8 3 5 7 4 8 7 8 7 7 7 7 5 5 4 3 8 7 3 8 8 4
split_gain=118.83 99.4329 62.2074 41.123 42.8878 36.4924 37.4961 75.5856 60.5694 41.6285 35.0291 42.2625 30.9607 29.0277 48.3 52.7959 42.7741 61.1741 35.8916 30.044 42.5044 27.347 54.3763 46.9816 33.6436 32.2903 76.8905 40.2432 27.7976 26.9415
threshold=0 1 12.909801800000002 4.5000000000000009 77.64912750000002 77.747383950000014 77.583953400000013 19.500000000000004 77.529072655000007 9.5000000000000018 11.500000000000002 12.963983250000002 2.5000000000000004 77.537295750000013 13.007867700000002 77.688010600000013 12.909801800000002 12.905989700000001 12.985941900000002 13.081705100000002 1.5000000000000002 6.5000000000000009 2.5000000000000004 1.5000000000000002 77.586021050000014 12.965766900000002 6.5000000000000009 77.595102600000004 77.654623900000004 1.0000000180025095e-35
decision_type=9 9 2 2 2 2 2 2 2 2 2 2 2 2 2 2 2 2 2 2 2 2 2 2 2 2 2 2 2 2
left_child=-1 2 3 4 -2 6 7 9 10 -4 11 -9 -10 18 15 16 17 -15 -3 -16 -21 -8 24 -24 -23 26 27 -25 -29 -20
right_child=1 13 5 -5 -6 -7 21 8 12 -11 -12 -13 -14 14 19 -17 -18 -19 29 20 -22 22 23 25 -26 -27 -28 28 -30 -31
leaf_value=0.10454313231071324 -0.056182666469417476 0.12617504594822032 0.066281028911170228 -0.054890944276634414 0.15132944914010948 -0.0095927932719765338 0.095298011243182351 0.079858158426652642 -0.060869264752750722 0.10909703140590321 0.11882460788707855 -0.060167740259117135 0.022195586256181149 -0.055273168438831767 0.069182132551343728 0.10332111048008751 -0.057026862888887864 0.15737672352429199 0.10585305846932264 0.077728410076646395 -0.057502732178436579 0.0076140388504028298 -0.062718141937002064 0.13342600628358828 0.10509781040548721 0.077059481859354489 -0.064654023803574864 -0.058038515224156706 0.1068554757154058 -0.057509638353271601
leaf_weight=416.8990304172039 3.9820455349981803 14.990224510431291 202.83042147755623 15.055473938584326 6.6449127234518528 11.988301165401934 337.98849081993103 14.232551664114 20.327174723148346 78.835006564855576 18.884395997971296 8.6719285212457162 25.033185057342052 7.1449344754219037 47.856228437274694 8.3634131997823697 41.037814848124981 6.4217363633215427 4.1301509886980039 10.158522974699737 13.575873807072638 9.6020736992359144 8.4757154211401922 13.913412466645243 113.10624935477972 81.836981855332851 15.571564629673956 6.696841932833193 4.1333805918693542 6.4890821799635887
leaf_count=430 50 57 808 213 31 56 819 38 151 179 49 70 143 97 232 29 429 23 13 60 142 48 60 19 248 233 102 63 15 64
internal_value=0.0787067 0.0679157 0.0743288 -0.00173504 0.0735722 0.0771029 0.0781854 0.065674 0.024981 0.0782647 0.0684093 0.0268426 -0.015028 0.0259433 0.018277 -0.0136646 -0.0315826 0.0453839 0.0763545 0.0463713 0.000377343 0.0859889 0.0735691 0.0511176 0.0974696 0.0590162 0.0223897 0.0771678 0.00489367 0.00602721
internal_weight=1574.88 1157.98 997.81 25.6824 10.627 972.128 960.139 368.815 87.1492 281.665 41.7889 22.9045 45.3604 160.168 134.559 62.9679 54.6045 13.5667 25.6095 71.5906 23.7344 591.325 253.336 130.628 122.708 122.152 40.3152 24.7436 10.8302 10.6192
internal_count=4971 4541 3395 294 81 3101 3045 1438 451 987 157 108 294 1146 1012 578 549 120 134 434 202 1607 788 492 296 432 199 97 78 77
cat_boundaries=0 1 2
cat_threshold=4740 1613220
is_linear=0
shrinkage=0.05


Tree=10
num_leaves=31
num_cat=2
split_feature=0 2 7 3 5 8 5 7 8 8 8 8 9 3 8 8 9 7 5 7 7 8 3 7 3 7 7 8 9 3
split_gain=93.0136 68.6053 47.0519 34.0781 39.4914 23.218 19.0177 60.6467 27.3094 34.3838 85.4583 32.3228 63.3292 55.9751 48.8585 26.9502 25.1367 65.9747 59.9342 29.78 26.3768 42.305 75.8323 25.0803 22.0436 21.4395 80.3892 24.5157 61.2489 34.4258
threshold=0 1 12.909801800000002 4.5000000000000009 6.5000000000000009 77.662797550000008 6.5000000000000009 13.065735050000002 77.487030350000012 77.636337950000012 77.61736710000001 77.586021050000014 30.500000000000004 19.500000000000004 77.584597200000019 77.717893550000028 13.500000000000002 13.021236600000002 11.500000000000002 12.957514100000003 13.014475500000001 77.521538100000015 15.500000000000002 13.036023950000002 6.5000000000000009 12.921141490000002 12.913763350000002 77.539599700000011 122.50000000000001 7.5000000000000009
decision_type=9 9 2 2 2 2 2 2 2 2 2 2 2 2 2 2 2 2 2 2 2 2 2 2 2 2 2 2 2 2
left_child=-1 5 3 4 -3 -2 25 8 -8 10 11 14 13 -13 16 -11 19 18 -18 -10 21 -20 24 -21 -23 26 -4 28 29 -27
right_child=1 2 6 -5 -6 -7 7 -9 9 15 -12 12 -14 -15 -16 -17 17 -19 20 23 -22 22 -24 -25 -26 27 -28 -29 -30 -31
leaf_value=0.09577844104296207 0.031707579031944058 0.13780463623785685 0.11167386824748847 -0.054121108971634996 -0.054329423332953944 -0.056997397565662446 0.11259596745448358 -0.060158219907176992 0.16845027452641803 0.10216015939980515 -0.061766048934437413 -0.062027458489053361 0.10049976277569135 0.083337611246914689 -0.065612734321418606 0.028547211654044082 -0.010347344987583704 -0.057150572511367341 0.11650117468527539 0.0032624468919384359 0.12310524564950652 0.039851987655941945 -0.061343874591998263 0.09737650658174242 0.12036380161430589 -0.060058337304782321 -0.06003634663632712 0.084282643285331124 0.10801101370429936 0.042422445572902125
leaf_weight=473.50693158060312 129.98527915775776 7.0110660493373889 15.237700074911119 12.991346944123505 4.3238096907734871 7.8206444904208174 30.145305618643761 9.6331067383289319 9.0307599604129773 76.984458647668362 14.802343629300593 12.821096941828729 94.466083832085133 13.697409205138682 8.9894592240452749 14.828388869762419 26.745236299932003 14.523454714566467 22.711753092706203 10.705467633903028 21.516755394637585 19.874508924782276 14.65220722556114 20.89628516882658 14.856997989118097 11.875041060149668 12.333258233964441 451.33255353197455 27.938983760774136 26.442438684403896
leaf_count=525 942 19 23 202 67 79 47 74 15 153 120 94 180 34 57 62 153 153 39 63 41 74 104 55 27 103 100 1149 64 127
internal_value=0.0743193 0.0641736 0.0691842 0.00115683 0.064513 0.0248688 0.0715378 0.0639531 0.0666565 0.063296 0.0555634 0.0612486 0.0813332 0.0130569 0.0480784 0.0902712 0.0539015 0.0435159 0.0556633 0.0883767 0.0745227 0.0600233 0.0340489 0.0654943 0.0742923 0.0778248 0.0348631 0.0801133 0.0517123 0.0106624
internal_weight=1632.68 1159.17 1021.37 24.3262 11.3349 137.806 997.041 451.881 442.248 412.103 320.29 305.487 120.985 26.5185 184.503 91.8128 175.513 134.881 120.357 40.6325 93.6122 72.0955 49.3837 31.6018 34.7315 545.16 27.571 517.589 66.2565 38.3175
internal_count=4945 4420 3399 288 86 1021 3111 1545 1471 1424 1209 1089 308 128 781 215 724 591 438 133 285 244 205 118 101 1566 123 1443 294 230
cat_boundaries=0 1 2
cat_threshold=5764 483915
is_linear=0
shrinkage=0.05


Tree=11
num_leaves=31
num_cat=1
split_feature=0 8 9 9 3 9 4 9 9 4 8 7 4 7 7 7 3 9 9 4 9 9 4 9 9 3 8 8 4 7
split_gain=115.326 53.4473 46.4063 37.4986 37.6594 43.8763 67.3019 38.4154 35.6916 39.976 35.5587 35.0461 37.0768 30.6713 40.2584 47.6391 35.7269 31.066 42.473 48.4984 29.5462 50.1961 39.4338 27.993 53.3635 27.7752 44.1474 27.3932 26.1113 25.4445
threshold=0 77.697799100000012 38.500000000000007 36.500000000000007 4.5000000000000009 8.5000000000000018 2.5000000000000004 3.5000000000000004 1.5000000000000002 1.5000000000000002 77.556007400000013 12.911580850000002 5.5000000000000009 12.905989700000001 12.968033200000002 13.007867700000002 18.500000000000004 16.500000000000004 12.500000000000002 1.0000000180025095e-35 18.500000000000004 23.500000000000004 3.5000000000000004 7.5000000000000009 4.5000000000000009 19.500000000000004 77.597271700000007 77.546169200000023 1.0000000180025095e-35 13.021236600000002
decision_type=9 2 2 2 2 2 2 2 2 2 2 2 2 2 2 2 2 2 2 2 2 2 2 2 2 2 2 2 2 2
left_child=2 -2 3 4 5 23 10 27 -3 -10 -7 12 -4 -9 28 16 -16 18 19 -18 25 -22 -23 24 -1 -17 -27 -6 -15 -13
right_child=1 8 11 -5 7 6 -8 13 9 -11 -12 29 -14 14 15 20 17 -19 -20 -21 21 22 -24 -25 -26 26 -28 -29 -30 -31
leaf_value=0.084893859138098132 0.089153220356739754 0.11909229166572476 -0.055166657590271055 -0.062953240653292525 0.08933813678760627 -0.057704406194338337 -0.058139631249148928 -0.05394458369094797 0.06391632367235292 -0.034645300325984049 0.069285980584575385 0.072471941982656843 0.12779577197159117 0.0019340311970385206 -0.058472371326316545 0.09099306575165815 0.11066148078301051 -0.059691774426487189 0.17641052201832463 -0.057107018606654236 -0.055696263603284848 -0.0058409048023606381 0.11533775853980027 0.12928414061120413 -0.058100850083941252 -0.060408023965996344 0.081155329344951066 -0.058144891374093732 0.083236039033780684 0.037796906276031078
leaf_weight=18.631819337606434 675.28905363380909 10.401667535305021 11.213143989443777 8.1458806581795198 4.2105288580060032 6.9397807046771041 31.887148346751928 6.1417853645980349 20.912350662052631 20.249632649123669 26.801930610090494 404.71234698593616 3.6769633442163459 10.610982127487658 16.973600942641497 65.774804417043924 8.0371691994369119 7.0565773323178282 5.865715477615594 9.2833376601338369 13.54391087964177 11.97872204706073 15.27424596250057 10.795349821448324 10.040375512093304 8.8610030263662356 14.551523350179194 12.482045244425533 142.51148082688451 60.86142385751009
leaf_count=65 921 5 178 55 8 66 315 98 57 102 130 991 14 56 161 199 28 61 14 98 166 71 35 27 97 70 55 125 396 283
internal_value=0.0679888 0.0842476 0.0540474 0.0433833 0.0452736 0.0189985 -0.00605473 0.0530928 0.0363404 0.0154289 0.0431674 0.0655241 -0.00998591 0.0567659 0.0588243 0.0425982 -0.000416615 0.0321669 0.0601234 0.020742 0.0582232 0.0229769 0.0620751 0.0606585 0.0348202 0.0743459 0.0275775 -0.0209438 0.077602 0.0679391
internal_weight=1673.72 726.853 946.864 466.4 458.254 105.096 65.6289 353.157 51.5637 41.162 33.7417 480.464 14.8901 336.465 330.323 177.201 47.2164 30.2428 23.1862 17.3205 129.984 40.7969 27.253 39.4675 28.6722 89.1873 23.4125 16.6926 153.122 465.574
internal_count=4947 1085 3862 2396 2341 700 511 1641 164 159 196 1466 192 1508 1410 958 362 201 140 126 596 272 106 189 162 324 125 133 452 1274
cat_boundaries=0 1
cat_threshold=8259
is_linear=0
shrinkage=0.05


Tree=12
num_leaves=31
num_cat=3
split_feature=0 2 7 4 4 0 5 7 7 7 4 7 9 4 9 9 5 4 9 3 9 3 7 4 7 7 9 7 9 4
split_gain=122.548 89.0422 65.216 54.338 38.8392 32.8261 30.7872 32.827 30.5225 60.0164 27.6301 26.6424 41.3856 24.1069 20.5171 72.5989 40.3966 32.187 105.506 30.1749 28.0835 25.7185 24.6834 32.3218 28.2219 29.7391 26.6979 24.4964 21.0279 23.6711
threshold=0 1 12.909801800000002 5.5000000000000009 3.5000000000000004 2 6.5000000000000009 12.909801800000002 12.985113100000001 12.985941900000002 5.5000000000000009 13.063270700000002 118.50000000000001 1.0000000180025095e-35 108.50000000000001 96.500000000000014 11.500000000000002 2.5000000000000004 34.500000000000007 4.5000000000000009 6.5000000000000009 13.500000000000002 12.975308050000001 5.5000000000000009 12.967562750000001 12.961435500000002 140.50000000000003 12.953156450000002 40.500000000000007 5.5000000000000009
decision_type=9 9 2 2 2 9 2 2 2 2 2 2 2 2 2 2 2 2 2 2 2 2 2 2 2 2 2 2 2 2
left_child=-1 2 10 4 5 -3 7 -7 -8 -10 -2 14 -13 -11 15 16 19 20 -19 28 -18 -22 23 24 25 26 -16 -23 29 -4
right_child=1 3 11 -5 -6 6 8 -9 9 13 -12 12 -14 -15 22 -17 17 18 -20 -21 21 27 -24 -25 -26 -27 -28 -29 -30 -31
leaf_value=0.084521362321870463 -0.055307604289199369 0.059071183940704819 0.036410405465200496 0.079131609075582546 -0.057255067449936525 0.080478936544245289 -0.056845235488236105 -0.058152317322902075 0.20082694891682815 0.079099222651524789 0.077568435300427174 0.061614865597500561 -0.061566822965300187 -0.02011821480111094 0.0472234983221545 -0.034707563774619525 0.13442646468814548 -0.060294366348669783 0.06619329808860179 0.071373629030757849 0.07735620158760409 0.078705580373597261 0.075429884294332131 0.09567247665830407 -0.023175724512143503 0.091782378483874633 -0.024293410467253522 -0.06352598493516548 0.088297606437996695 -0.059674819412027708
leaf_weight=444.66466183960438 18.12282565608621 17.069810904562473 67.577111590653658 24.66278338432312 25.395605396479368 4.9472271241247645 9.0258114077150804 31.20364149287343 5.3046378865838077 9.6979701891541499 4.9893531315028659 16.340622968971733 11.701394051313398 16.604088447988033 70.173358283936977 22.635866329073906 10.533868655562399 30.552420806139708 35.808934926986694 315.32383434846997 19.261576991528273 4.6863990500569335 312.34690672531724 33.095166727900505 15.414063245058058 29.917069002985954 16.030804827809334 8.5508460998535138 17.424522317945957 7.0814981572329989
leaf_count=437 274 42 302 126 291 27 100 296 8 36 26 59 84 120 199 126 24 270 104 872 62 13 633 50 68 51 81 65 35 62
internal_value=0.0605995 0.050703 0.0559289 0.0108212 -0.00239919 0.0124442 -0.00496776 -0.0391807 0.024249 0.0474068 -0.0266229 0.0582911 0.0102135 0.0164648 0.0596175 0.0529376 0.0567764 0.0297992 0.00795904 0.0640202 0.0634791 0.0404829 0.0671722 0.0515051 0.0403923 0.0488304 0.033924 -0.0131716 0.0388395 0.0272966
internal_weight=1656.14 1211.48 1067.57 143.912 119.249 93.8532 76.7834 36.1509 40.6325 31.6067 23.1122 1044.46 28.042 26.3021 1016.41 539.437 516.801 109.394 66.3614 407.407 43.0327 32.4988 476.977 164.63 131.535 116.121 86.2042 13.2372 92.0831 74.6586
internal_count=4943 4506 3460 1046 920 629 587 323 264 164 300 3160 143 156 3017 1935 1809 538 374 1271 164 140 1082 449 399 331 280 78 399 364
cat_boundaries=0 1 2 3
cat_threshold=4740 3710372 1026
is_linear=0
shrinkage=0.05


Tree=13
num_leaves=31
num_cat=3
split_feature=0 9 9 0 9 2 8 8 3 8 3 3 7 4 3 9 8 8 5 3 8 7 4 5 7 7 8 9 7 9
split_gain=122.515 50.9832 64.6809 63.3637 41.1418 32.4558 29.6726 27.2111 30.8008 27.0786 32.1052 31.3296 31.5238 28.7469 26.4471 43.2103 32.3143 25.6724 26.6375 25.3185 22.199 30.4995 49.9678 32.3379 21.8251 21.3906 36.9141 31.8924 24.8904 21.1429
threshold=0 108.50000000000001 96.500000000000014 1 178.50000000000003 2 77.567863250000016 77.678366900000015 11.500000000000002 77.638382950000008 1.0000000180025095e-35 11.500000000000002 13.039320250000001 1.5000000000000002 4.5000000000000009 117.50000000000001 77.469576400000008 77.594493900000018 6.5000000000000009 6.5000000000000009 77.570883350000017 13.003915200000002 3.5000000000000004 1.5000000000000002 13.032613650000002 12.983374850000002 77.543633700000015 4.5000000000000009 13.116610300000001 107.50000000000001
decision_type=9 2 2 9 2 9 2 2 2 2 2 2 2 2 2 2 2 2 2 2 2 2 2 2 2 2 2 2 2 2
left_child=7 2 5 4 -3 -2 14 -1 -9 13 -11 12 -12 17 -5 -16 -17 18 -7 20 -8 22 23 -22 -19 26 -15 -28 -27 -4
right_child=1 3 29 6 -6 9 19 8 -10 10 11 -13 -14 25 15 16 -18 24 -20 -21 21 -23 -24 -25 -26 28 27 -29 -30 -31
leaf_value=0.086059708554213257 0.049056919211269798 -0.028412033235586179 -0.062727534806478455 0.080362638848798115 0.071781444484321041 0.0079836187457146442 0.11284072607971402 0.07884829381737371 -0.01592410056281451 0.15587705143638705 -0.058664926220254036 0.065214185183274306 0.10329235214970565 0.1097848459553674 0.07495227760380066 0.062321570131168125 -0.041221289902735131 0.039649746774099603 0.11278438537627855 0.081794254668973776 0.035116795237062425 0.075463145686520711 0.062120207993665515 -0.070440443523380553 -0.059432134929934412 -0.058113354394913636 0.05172669340169999 -0.056975944993892857 0.051750338703530067 0.042061227160572312
leaf_weight=430.77006876468658 511.96367675811052 36.183974612504244 19.890643384307626 27.974310241639614 14.292896814644335 9.9153667390346545 15.130591019988058 21.232873544096947 14.378781273961065 6.351987160742282 12.497754525393249 31.903637189418077 3.9554459005594245 8.0061928406357747 23.289660479873419 10.508864693343638 26.629082188010216 13.628858976066114 15.606681786477564 251.41011920571327 13.135814525187017 58.739190734922886 41.356931429356337 16.208485867828131 9.3851598575711233 30.078979775309563 11.501142375171186 16.325546689331532 6.2218078821897498 6.3505378663539878
leaf_count=337 1844 237 143 75 44 58 19 26 74 14 117 133 8 22 55 34 148 73 41 432 41 92 98 87 79 305 54 204 40 23
internal_value=0.0577141 0.0480375 0.0396745 0.0600931 -3.46498e-05 0.0426158 0.0650174 0.0808535 0.0405824 0.0198822 0.0501946 0.0363125 -0.0197294 0.00778698 0.0401682 0.0215606 -0.0119219 0.0375381 0.0720691 0.0722069 0.0555343 0.0488356 0.0267132 -0.0231883 -0.00075603 -0.0122314 0.0151735 -0.0120477 -0.0392832 -0.037368
internal_weight=1714.83 1248.44 713.583 534.86 50.4769 687.342 484.383 466.382 35.6117 175.379 54.7088 48.3568 16.4532 120.67 88.4019 60.4276 37.1379 48.5361 25.522 395.981 144.571 129.44 70.7012 29.3443 23.014 72.1337 35.8329 27.8267 36.3008 26.2412
internal_count=4957 4520 3158 1362 281 2992 1081 437 100 1148 272 258 125 876 312 237 182 251 99 769 337 318 226 128 152 625 280 258 345 166
cat_boundaries=0 1 2 3
cat_threshold=4740 67 2661764
is_linear=0
shrinkage=0.05


Tree=14
num_leaves=31
num_cat=3
split_feature=0 2 2 3 8 7 7 7 7 7 7 8 8 5 8 3 8 8 7 7 8 7 9 8 7 8 8 9 8 7
split_gain=84.1718 78.4547 47.6579 33.612 27.6424 36.6592 52.4839 32.7677 63.2705 33.2394 48.5913 31.1537 57.6269 50.1485 31.8111 29.8059 29.5355 33.9131 25.8297 24.6794 35.1005 23.061 21.2603 18.6383 24.5818 20.6967 35.798 23.1203 18.6286 55.5284
threshold=0 1 2 4.5000000000000009 77.70915620000001 12.987857300000002 12.955488100000002 12.987064950000002 12.992944650000002 12.983143850000003 12.98128975 77.597861900000012 77.626441100000008 6.5000000000000009 77.656037400000017 17.500000000000004 77.676436400000014 77.685415400000011 13.039500865000003 13.014651200000001 77.641776600000014 12.954566350000002 6.5000000000000009 77.697799100000012 12.956746900000001 77.567863250000016 77.551331700000006 7.5000000000000009 77.580159950000009 12.92858595
decision_type=9 9 9 2 2 2 2 2 2 2 2 2 2 2 2 2 2 2 2 2 2 2 2 2 2 2 2 2 2 2
left_child=1 19 3 -2 7 6 -6 9 -9 10 11 28 13 15 -14 -13 -16 -18 -5 -1 -21 -19 -11 25 -25 26 27 -4 29 -3
right_child=2 4 23 18 5 -7 -8 8 -10 22 -12 12 14 -15 16 -17 17 21 -20 20 -22 -23 -24 24 -26 -27 -28 -29 -30 -31
leaf_value=-0.05753495338307018 0.060862736557609889 -0.058489974671729741 0.12279663168345796 0.017136748280604953 0.074215789819113087 0.092149526393915063 -0.065997479698134312 -0.063331817976724575 0.036713708378369014 0.14550410687136159 -0.063640322078987926 -0.025113356511947911 0.087460870816387759 -0.061700439754433324 -0.063332155533152676 0.062854882701468689 0.11084141761729194 -0.061222944444451026 -0.073125116660390524 -0.058514348134407417 0.089251955241446551 0.077365026710178225 0.070963822001225293 -0.016105676870918875 0.068265263012008442 0.08191761517989235 -0.0062448181438555933 0.060224689254341879 0.070182437453676888 0.054654970853294488
leaf_weight=26.106998696923256 38.398017134517431 11.715367306023834 17.464568860828876 37.122878801077604 19.171555858105425 68.46332273632288 10.238147899508474 16.650226708501577 310.6636208333075 13.189624279737471 9.5863610096275789 15.526651199907063 44.134530406445265 23.925645191222429 7.7038030028343227 25.351611670106649 11.589921150356533 7.751178212463854 10.077545516192911 7.4620316252112415 8.7096220180392248 4.8987979739904404 34.8181565515697 12.527999095618723 27.768726609647274 482.81123325973749 17.877765096724033 95.436475478112698 167.76076846569777 145.77585003525019
leaf_count=279 72 134 13 134 54 82 62 136 1382 23 66 81 141 215 66 67 25 62 59 65 17 15 104 52 42 494 57 163 344 438
internal_value=0.0546789 0.0433185 0.0683955 0.0233921 0.0464395 0.0720934 0.0254045 0.0440349 0.0316245 0.0517911 0.0477896 0.0500812 0.0304408 -0.00420772 0.0599545 0.0294422 0.0219508 0.049055 -0.00213465 -0.0222146 0.0210686 -0.00755372 0.091443 0.0738457 0.0420349 0.0771384 0.0594942 0.0699039 0.0585884 0.0462384
internal_weight=1730.68 991.194 739.485 85.5984 948.915 97.873 29.4097 851.042 327.314 523.728 475.72 466.134 140.882 64.8039 76.0782 40.8783 31.9437 24.2399 47.2004 42.2787 16.1717 12.65 48.0078 653.887 40.2967 613.59 130.779 112.901 325.252 157.491
internal_count=4944 3858 1086 265 3497 198 116 3299 1518 1781 1654 1588 672 363 309 148 168 102 193 361 82 77 127 821 94 727 233 176 916 572
cat_boundaries=0 1 2 3
cat_threshold=8259 2252802 368715
is_linear=0
shrinkage=0.05


Tree=15
num_leaves=31
num_cat=3
split_feature=0 9 7 7 2 4 8 8 9 8 9 4 8 8 9 7 7 7 7 3 7 1 4 9 9 8 8 9 7 8
split_gain=95.9495 46.4459 39.653 33.5155 27.4837 29.4 30.3916 25.2632 30.3076 34.272 24.3526 49.6757 27.7879 39.9181 26.2167 23.2308 29.3881 27.5199 27.2746 21.9005 21.6503 21.4723 25.0889 33.0638 21.0286 20.5283 35.0977 42.4961 54.5171 69.9177
threshold=0 116.50000000000001 12.956199150000002 13.124429500000002 1 5.5000000000000009 77.611473650000008 77.499606100000008 166.50000000000003 77.585195750000011 84.500000000000014 5.5000000000000009 77.549888505000013 77.60329535000001 108.50000000000001 13.017471850000002 13.039320250000001 13.040372700000001 13.045979900000001 1.0000000180025095e-35 12.975308050000001 2 1.5000000000000002 10.500000000000002 9.5000000000000018 77.521538100000015 77.584970150000018 20.500000000000004 12.960923800000002 77.583736850000008
decision_type=9 2 2 2 9 2 2 2 2 2 2 2 2 2 2 2 2 2 2 2 2 1 2 2 2 2 2 2 2 2
left_child=-1 3 7 4 10 15 20 -3 9 -9 25 12 -12 14 -14 19 -17 -18 -19 -6 -7 22 23 24 -21 -2 27 -27 -29 -30
right_child=1 2 -4 -5 5 6 -8 8 -10 -11 11 -13 13 -15 -16 16 17 18 -20 21 -22 -23 -24 -25 -26 26 -28 28 29 -31
leaf_value=0.072290681480613891 0.082032868926565666 0.091830277553633433 0.062341036799480221 -0.064410038772323194 0.097552616597668951 0.082511894422131138 0.10877557274508434 -0.064828223800847753 -0.066093192015926852 0.041558049370319948 -0.064443254115119197 0.066859773103636999 -0.020179275306764041 -0.041117152035927002 0.061317304839512601 -0.060060588052354064 0.090830230647441279 -0.058323467701770673 0.084475569419765861 0.036395603732144503 -0.058476706081719211 0.095318822704826167 -0.02250831997414738 -0.060081630522628063 0.13817356020967717 0.0502126210131758 0.053452999393104966 -0.06380060022337429 0.071412179781516164 -0.038196253479672225
leaf_weight=436.27001744508743 38.373454805463552 12.020590044558046 390.93407745659351 8.2159741371870023 8.7119686491787416 4.7064259275794047 15.749172434210776 8.8061025440692884 10.253464687615631 53.940838161855936 13.746569175273178 42.380994386970997 13.679247971624134 23.07771684601903 35.420825138688087 24.099996112287045 8.434583496302368 12.362656537443401 4.5836473628878585 20.589198477566246 6.4609030671417713 7.3703581914305678 37.602404594421387 7.0331113822758189 6.73529328405857 86.17168103158474 336.5264730527997 23.813888937234879 34.84794444590807 24.977386556565762
leaf_count=420 58 12 775 64 34 18 43 68 93 207 95 81 64 124 76 202 21 126 14 114 68 4 380 59 10 294 1065 148 95 153
internal_value=0.0507681 0.0427927 0.0556107 0.0360847 0.0370706 0.0153174 0.0640369 0.024664 0.0136041 0.0266275 0.0415408 0.022561 0.00071119 0.0131201 0.0386124 0.0068956 -0.0205164 0.017032 -0.0196991 0.0223015 0.000942373 0.0140375 0.00571245 0.0365984 0.0614831 0.046774 0.0441019 0.0255702 0.00018155 0.0256501
internal_weight=1757.9 1321.63 475.955 845.672 837.456 164.44 26.9165 85.021 73.0004 62.7469 673.016 128.305 85.9244 72.1778 49.1001 137.523 49.4809 25.3809 16.9463 88.0423 11.1673 79.3304 71.96 34.3576 27.3245 544.711 506.337 169.811 83.6392 59.8253
internal_count=4985 4565 1155 3410 3346 1093 129 380 368 275 2253 440 359 264 140 964 363 161 140 601 86 567 563 183 124 1813 1755 690 396 248
cat_boundaries=0 1 2 3
cat_threshold=4484 3186092 2
is_linear=0
shrinkage=0.05


Tree=16
num_leaves=31
num_cat=5
split_feature=0 2 7 7 0 8 0 8 8 4 8 9 2 3 7 9 8 5 5 7 3 3 9 9 7 7 7 3 4 3
split_gain=100.208 44.1886 30.9524 28.5954 40.655 42.9269 36.9668 31.6975 28.2359 24.4576 54.1135 61.5557 41.6051 26.3125 33.8094 23.576 21.6023 41.5118 54.2113 24.4306 19.7004 25.4352 17.3717 22.6541 16.9389 17.3162 32.937 16.8771 24.6491 21.8387
threshold=0 1 12.909801800000002 13.040372700000001 2 77.756769035000005 3 77.747081600000016 77.473412700000011 1.5000000000000002 77.600902000000005 25.500000000000004 4 21.500000000000004 13.014651200000001 6.5000000000000009 77.589460025000008 6.5000000000000009 1.5000000000000002 12.985113100000001 19.500000000000004 21.500000000000004 121.50000000000001 122.50000000000001 13.116610300000001 12.98128975 12.980579500000003 17.500000000000004 3.5000000000000004 8.5000000000000018
decision_type=9 9 2 2 9 2 9 2 2 2 2 2 9 2 2 2 2 2 2 2 2 2 2 2 2 2 2 2 2 2
left_child=-1 2 22 6 -5 8 27 -8 -6 10 11 20 16 24 -15 -10 17 18 -11 -18 -3 -22 -2 -24 25 26 -14 29 -29 -4
right_child=1 9 3 4 5 -7 7 -9 15 12 -12 -13 13 14 -16 -17 19 -19 -20 -21 21 -23 23 -25 -26 -27 -28 28 -30 -31
leaf_value=0.067779323071857522 -0.056413834006967804 0.086431390181272563 0.011470606417948137 0.056719244375571021 0.038701368062921578 0.1072670829419544 0.054013473159636539 -0.021928261236174442 0.042624682520337041 -0.061063157064398847 -0.057540393852498983 -0.061898132605393112 -0.055174340039503861 0.10085314721239882 -0.062536111008557826 -0.060831441001879816 -0.0096002932009847577 -0.059496472319184882 0.079042495065211993 0.073326642735278197 -0.058871175767787491 0.07154732355260715 0.14273849618586881 -0.0074337040003999329 0.035314519576424203 -0.059710290676538207 0.14229921517007577 -0.064072518969951517 0.029925151967752018 0.10351128496455309
leaf_weight=512.49518984556198 11.090856414288284 53.956014569848776 32.577552061527967 32.602478966116905 13.756129644811152 7.1258339881896964 799.06460773944855 13.98095193505287 6.5651622861623755 9.6865347027778608 12.195743851363657 9.7883831337094289 5.8528071977198106 8.6121137738227826 5.0068525224924079 34.158895321190357 11.55917105078697 15.76027390360832 24.037509527057409 38.339296590536833 5.9320532754063633 10.109998002648352 3.2622702196240416 10.910325322300194 7.2423084601759902 42.66609463840723 3.303353063762188 15.129273235797884 12.939227461814879 8.0341272503137571
leaf_count=536 141 157 139 66 62 3 1768 60 27 74 124 71 80 56 43 273 102 138 78 114 52 39 4 129 49 417 4 107 41 13
internal_value=0.0482505 0.0394924 0.0446507 0.0465112 0.0203276 -0.00700148 0.0493088 0.0520672 -0.0232326 0.019018 0.0405511 0.0555449 0.00861225 -0.019221 0.040785 -0.0441532 0.0280769 0.00749356 0.0388 0.0541163 0.0719678 0.023321 -0.00954463 0.0271332 -0.0363112 -0.0463211 0.01607 0.00791997 -0.0207408 0.0296788
internal_weight=1777.74 1265.25 1001.2 975.934 94.2085 61.606 881.726 813.046 54.4802 264.049 91.9822 79.7864 172.066 72.6835 13.619 40.7241 99.3828 49.4843 33.724 49.8985 69.9981 16.0421 25.2635 14.1726 59.0646 51.8223 9.15616 68.6802 28.0685 40.6117
internal_count=4967 4431 2833 2559 431 365 2128 1828 362 1598 443 319 1155 649 99 300 506 290 152 216 248 91 274 133 550 501 84 300 148 152
cat_boundaries=0 1 2 3 4 5
cat_threshold=5508 3202432 96 65 458820
is_linear=0
shrinkage=0.05


Tree=17
num_leaves=31
num_cat=3
split_feature=0 2 0 8 3 8 8 3 8 8 3 4 7 8 7 9 3 8 8 7 7 9 9 9 9 7 8 7 8 3
split_gain=87.0401 42.0574 39.3885 101.59 37.0485 36.4403 37.7822 34.298 33.744 29.56 27.9637 87.3537 28.9054 27.349 23.5224 22.7538 30.1889 21.7954 20.4332 45.8257 37.9571 21.8092 37.4348 21.5774 30.7246 31.6788 19.2012 19.3332 41.8728 21.0936
threshold=0 1 2 77.549888505000013 20.500000000000004 77.582835200000019 77.747081600000016 3.5000000000000004 77.596828750000014 77.584805950000018 10.500000000000002 2.5000000000000004 13.014651200000001 77.507941250000016 13.032613650000002 221.50000000000003 21.500000000000004 77.586021050000014 77.521538100000015 12.951245650000002 12.965766900000002 18.500000000000004 26.500000000000004 143.50000000000003 140.50000000000003 13.046758500000001 77.587510250000022 12.918624925000001 77.64912750000002 4.5000000000000009
decision_type=9 9 9 2 2 2 2 2 2 2 2 2 2 2 2 2 2 2 2 2 2 2 2 2 2 2 2 2 2 2
left_child=-1 2 3 14 10 15 9 8 -5 -7 -3 -12 -13 -6 -2 16 18 -11 20 -20 -4 -21 -23 24 25 -22 -19 28 -28 -30
right_child=1 4 5 7 13 6 -8 -9 -10 17 11 12 -14 -15 -16 -17 -18 26 19 21 23 22 -24 -25 -26 -27 27 -29 29 -31
leaf_value=0.063628930149593727 0.034522641227427271 0.011801211570733468 0.076159902694036011 0.093756805622552647 0.097038189175643497 0.095722296351892722 -0.026490272005446531 -0.064162439221825726 -0.059780399707648729 -0.0025580582818180166 -0.035416248748715476 0.0012143660913326128 0.090260558757570997 -0.040848740955352757 0.12820494289830595 0.094152615905869846 -0.027886848799505343 0.080007542114148789 -0.063275844818291391 0.062056588247000471 0.040439333659703279 -0.060999313071659692 0.029729518979039745 -0.065276093343928088 0.12849005342715702 -0.060743762764606746 -0.062455457009451168 0.053489700559887922 0.12698974890164327 0.010516055731777859
leaf_weight=527.73186077177525 12.864907760173084 137.01725156977773 65.914767146110535 8.2427029609680158 4.0089667290449134 43.124320134520531 14.24900211393833 35.107859678566456 6.3242218345403662 17.293288636952639 23.625083338469267 10.832441247999666 57.433997996151447 34.920619688928127 13.983641508966683 14.720930576324461 20.669664774090052 64.412228375673294 13.847187623381613 43.194887816905975 30.65818090364337 12.554540097713469 120.40138000249863 6.5607910603284827 6.9655339792370787 10.346061289310454 11.517659712582828 403.31401530653238 7.083461243659257 8.6146089322864992
leaf_count=549 54 856 94 13 7 42 63 287 73 50 170 82 103 305 23 9 142 80 102 146 128 109 351 42 8 80 96 814 11 64
internal_value=0.045741 0.0374455 0.0425248 0.0043808 0.0177801 0.0456316 0.0539031 -0.0374005 0.0270987 0.0559657 0.0261127 0.0474523 0.0761308 -0.0266492 0.0833156 0.0333274 0.0306231 0.0526187 0.0345188 0.0243055 0.0506299 0.0311902 0.0211623 0.0197701 0.0314018 0.0149091 0.0545466 0.0507373 0.00994932 0.0630726
internal_weight=1787.54 1259.8 991.966 76.5233 267.838 915.443 569.609 49.6748 14.5669 555.36 228.909 91.8915 68.2664 38.9296 26.8485 345.834 331.113 512.235 310.443 189.998 120.445 176.151 132.956 54.5306 47.9698 41.0042 494.942 430.53 27.2157 15.6981
internal_count=4953 4404 2881 450 1523 2431 1220 373 86 1157 1211 355 185 312 77 1211 1202 1115 1060 708 352 606 460 258 216 208 1065 985 171 75
cat_boundaries=0 1 2 3
cat_threshold=5764 3677600 65
is_linear=0
shrinkage=0.05


Tree=18
num_leaves=31
num_cat=2
split_feature=0 8 4 5 2 4 8 8 8 8 8 5 8 8 8 8 8 3 8 4 8 3 3 4 8 9 9 3 4 4
split_gain=74.8406 23.1327 38.2685 25.8828 19.1579 66.9332 27.5342 33.0106 23.5888 11.7577 41.6523 39.942 24.0335 19.0279 17.5 16.0476 38.0802 37.8299 21.1644 19.7131 16.8637 24.7402 22.1204 60.0593 23.9906 20.016 25.0782 19.9444 18.5629 33.1091
threshold=0 77.697799100000012 1.0000000180025095e-35 1.5000000000000002 1 5.5000000000000009 77.641776600000014 77.645502550000018 77.688010600000013 77.723700325000024 77.70915620000001 1.5000000000000002 77.656037400000017 77.692327450000008 77.753023500000012 77.636337950000012 77.61736710000001 7.5000000000000009 77.626441100000008 2.5000000000000004 77.584252800000016 19.500000000000004 4.5000000000000009 4.5000000000000009 77.585195750000011 141.50000000000003 137.50000000000003 9.5000000000000018 1.0000000180025095e-35 2.5000000000000004
decision_type=9 2 2 2 9 2 2 2 2 2 2 2 2 2 2 2 2 2 2 2 2 2 2 2 2 2 2 2 2 2
left_child=1 -1 -3 -4 5 6 -2 -8 -9 10 12 -11 15 -14 -13 16 20 -18 19 -19 21 27 23 24 -22 26 28 -6 -23 -30
right_child=4 2 3 -5 9 -7 7 8 -10 11 -12 14 13 -15 -16 -17 17 18 -20 -21 22 25 -24 -25 -26 -27 -28 -29 29 -31
leaf_value=0.065841166376818278 -0.041802894319161399 0.093997400145308593 0.039080897219265089 -0.071629325196764196 0.032908815280599801 0.083535398709843819 0.11236729777684654 -0.059111005071207368 0.079595496931624002 0.062554315473153391 0.076929595913903873 -0.068575249407673886 -0.015303212397439326 0.029890190363095117 0.030115422052560022 0.065711899194287091 -0.063576292227586928 0.032113565466435595 0.073366760868510059 -0.066317768504306221 0.098348605874694586 0.054424302143123049 0.05295013723832407 -0.065233573361236197 0.029057785730325345 -0.064012460748299319 0.10710642653841743 0.059050988314433256 -0.041201195376253379 0.024438711528481802
leaf_weight=418.69873875379562 40.06935128942132 11.93047910928726 10.237979382276537 10.899903357028959 275.7156022824347 22.498822394758463 7.5711895152926472 9.9942373707890493 4.4210693389177314 19.528816364705563 67.408085834234953 14.101633854210379 37.18000116944313 62.346043761819601 6.5914605595171443 52.334835886955261 17.680046129971743 13.377803701907398 14.150501932948826 8.2071974687278253 15.731868691742418 21.718080550432205 333.88338857889175 15.290019556879995 60.655600566416979 7.7012140192091456 7.5875692293047896 99.211749598383904 28.69848882034421 58.111607328057289
leaf_count=346 409 16 19 58 980 67 13 96 9 37 85 79 202 163 29 125 157 46 42 61 21 68 799 113 192 62 9 215 181 245
internal_value=0.0428295 0.0613045 0.0224018 -0.0180076 0.0357804 0.00863326 -0.0171319 0.0278299 -0.0165707 0.0375516 0.0387486 0.0112648 0.0364701 0.0130073 -0.0371389 0.0387372 0.0372933 -0.00375414 0.0258427 -0.00531267 0.0396654 0.0334269 0.0469768 0.0252221 0.0433281 0.0140486 0.0192259 0.0398265 0.0130819 0.00273886
internal_weight=1773.53 451.767 33.0684 21.1379 1321.77 84.5547 62.0558 21.9865 14.4153 1237.21 1196.99 40.2219 1129.58 99.526 20.6931 1030.06 977.721 53.4155 35.7355 21.585 924.305 498.744 425.561 91.6775 76.3875 123.817 116.116 374.927 108.528 86.8101
internal_count=4944 439 93 77 4505 594 527 118 105 3911 3766 145 3681 365 108 3316 3191 306 149 107 2885 1760 1125 326 213 565 503 1195 494 426
cat_boundaries=0 1 2
cat_threshold=4996 475202
is_linear=0
shrinkage=0.05


Tree=19
num_leaves=31
num_cat=3
split_feature=0 8 2 4 3 4 9 9 9 9 8 8 8 8 8 9 0 8 8 8 4 8 5 8 8 5 3 9 9 8
split_gain=79.5293 58.4072 40.7644 29.0553 20.7687 24.4233 22.9433 21.1793 38.2622 29.6124 24.5252 21.4155 23.4771 16.3306 19.5169 21.8486 21.5842 20.0812 19.011 29.9473 26.4319 19.3125 18.6627 20.0554 24.2131 17.7497 50.3461 18.7945 45.6021 18.7095
threshold=0 77.697799100000012 1 1.0000000180025095e-35 7.5000000000000009 3.5000000000000004 3.5000000000000004 9.5000000000000018 17.500000000000004 23.500000000000004 77.589460025000008 77.507068050000015 77.688010600000013 77.747383950000014 77.70915620000001 113.50000000000001 2 77.615108450000022 77.685415400000011 77.694105300000018 2.5000000000000004 77.574706850000027 1.5000000000000002 77.584805950000018 77.595329700000022 1.5000000000000002 4.5000000000000009 125.50000000000001 16.500000000000004 77.552675050000019
decision_type=9 2 9 2 2 2 2 2 2 2 2 2 2 2 2 2 9 2 2 2 2 2 2 2 2 2 2 2 2 2
left_child=1 -1 13 -3 5 -4 -7 11 -9 -10 -11 -6 -13 14 16 -16 17 -2 21 -20 -21 25 23 -23 -25 26 27 28 -18 -28
right_child=2 3 4 -5 7 6 -8 8 9 10 -12 12 -14 -15 15 -17 18 -19 19 20 -22 22 -24 24 -26 -27 29 -29 -30 -31
leaf_value=0.06434495585614404 0.024191654708090309 0.060258317513434356 0.01336423014872954 -0.042608574850610745 0.093804220930666843 0.051164149826313003 -0.059593922223717927 0.066287177057795216 -0.058833663092790103 -0.019638417593380503 0.066902178031523915 -0.057918926759402772 0.066208506529165823 -0.017881405814938533 0.0091549779707109352 0.071591096757378445 0.10629950969660561 -0.03669645721298527 -0.070383244016603952 0.053136602216533546 -0.030353944353887413 0.091831220926695642 0.039900713684672427 0.011978488388432976 0.063388403867761789 0.03781846975814912 -4.5198141837170823e-05 0.10207481194300694 -0.067460723571886941 -0.067785739825790892
leaf_weight=458.19201751053333 40.686606861650944 10.4665784239769 60.205462642014027 19.946885481476784 3.9668619409203556 5.6576702445745459 26.938461989164352 51.365385301411152 13.45390724763274 14.544689133763312 18.728447165340185 18.224840033799413 4.815954264253377 12.967385843396185 17.114505499601364 77.286606200039387 7.9250120744109172 20.296670012176037 9.5699484609067422 30.475024905055761 13.759891748428343 39.645627856254578 300.02554337307811 30.146986447274685 95.318639986217022 304.778410166502 39.190552413463593 15.313093602657316 7.2122616246342659 13.776052199304102
leaf_count=418 138 23 342 92 6 26 258 172 142 78 41 206 13 67 65 94 20 160 61 56 53 39 758 108 174 1020 170 16 49 89
internal_value=0.0408071 0.05869 0.0333399 -0.00720766 0.0118681 -0.00550959 -0.0403698 0.0257079 0.0365029 0.0037622 0.0290727 -0.0134998 -0.031974 0.0375409 0.0385706 0.0602717 0.0364545 0.00337348 0.0382199 0.00981525 0.0271657 0.0404588 0.0473305 0.0608312 0.0510356 0.0322251 0.0117886 0.0630193 0.0235102 -0.0176638
internal_weight=1782 488.605 1293.39 30.4135 217.902 92.8016 32.5961 125.1 98.0924 46.727 33.2731 27.0077 23.0408 1075.49 1062.52 94.4011 968.12 60.9833 907.137 53.8049 44.2349 853.332 465.137 165.111 125.466 388.195 83.417 30.4504 15.1373 52.9666
internal_count=4954 533 4421 115 1284 626 284 658 433 261 119 225 219 3137 3070 159 2911 298 2613 170 109 2443 1079 321 282 1364 344 85 69 259
cat_boundaries=0 1 2 3
cat_threshold=37764 3775904 1088
is_linear=0
shrinkage=0.05


Tree=20
num_leaves=31
num_cat=3
split_feature=0 0 8 2 9 7 8 9 5 7 7 8 4 9 7 9 9 8 3 9 7 4 8 3 8 8 7 7 7 3
split_gain=66.6499 31.5969 35.1768 38.4555 40.895 46.4671 31.083 28.8358 29.0376 20.8183 56.3898 19.6854 27.8396 31.1145 22.492 18.5486 41.4337 34.7806 29.5078 29.4045 26.2383 33.4919 25.8704 20.5702 18.5641 37.6684 24.2042 17.107 16.1472 23.7437
threshold=0 1 77.473412700000011 2 178.50000000000003 12.92858595 77.70915620000001 96.500000000000014 11.500000000000002 12.987857300000002 12.955488100000002 77.697799100000012 1.0000000180025095e-35 4.5000000000000009 13.001849400000003 130.50000000000003 118.50000000000001 77.61736710000001 7.5000000000000009 114.50000000000001 12.951245650000002 1.0000000180025095e-35 77.526792800000024 5.5000000000000009 77.487030350000012 77.516710250000017 13.045979900000001 13.005029150000002 12.987551600000002 8.5000000000000018
decision_type=9 9 2 9 2 2 2 2 2 2 2 2 2 2 2 2 2 2 2 2 2 2 2 2 2 2 2 2 2 2
left_child=11 6 -3 -4 5 7 15 8 -5 10 -8 14 -13 -14 -1 16 19 18 22 24 21 -17 -18 -24 -2 26 -26 -19 -22 -30
right_child=1 2 3 4 -6 -7 9 -9 -10 -11 -12 12 13 -15 -16 20 17 27 -20 -21 28 -23 23 -25 25 -27 -28 -29 29 -31
leaf_value=0.069873718449945776 0.0684020010525139 0.11272318921793555 0.050266706585903091 0.075294809699153503 0.059566695759861538 -0.06548158615474875 0.076843564502615425 -0.057143865049615244 -0.053964396314859435 0.072396976649611408 -0.068629708283197796 0.078288342004927403 0.05150660480628802 -0.071636182134431958 0.046070072457249756 0.060242559531094322 0.050014868469029562 0.072158145460052198 -0.072872202858534116 0.066528953364543772 0.065896729627434647 -0.069879580933054075 -0.074146684961678241 0.013087847292138358 -0.062613804731636746 0.030575348543701603 0.059367738800206939 0.00069340534366249995 0.002411254580695783 0.056828847406310813
leaf_weight=241.9650195017457 30.409966055303812 7.1850653402507296 18.38848689198494 17.569808285683397 14.598264865577219 43.981895014643669 17.974356759339575 10.288792826235293 5.772328305989503 83.321341641247272 10.584175541996954 12.764840230345724 9.4115922451019305 11.274636693298815 168.24018701910973 9.3364382423460501 16.169098936021328 18.239678271114826 20.487544488161802 59.828236166387796 96.214344181120396 10.513929110020397 13.334183719009163 13.701831340789793 17.658934455364946 707.75754038244486 5.2834235653281203 15.48166389018297 32.504436127841473 52.295193761587143
leaf_count=154 48 7 48 44 44 316 33 132 94 89 61 18 17 61 194 15 37 38 110 92 132 74 66 34 150 2598 19 41 101 92
internal_value=0.0382871 0.0318621 0.00508636 -0.00144634 -0.0155263 -0.0316511 0.0343622 0.0125918 0.04333 0.0597698 0.0229292 0.0558446 0.0202213 -0.01561 0.060111 0.0321294 0.0291191 -0.00171186 -0.0234507 0.0327775 0.0458927 -0.00867783 -1.53382e-05 -0.0299363 0.0301244 0.0285314 -0.0345225 0.0393483 0.051877 0.0359701
internal_weight=1792.54 1348.88 117.785 110.6 92.2111 77.6128 1231.1 33.6309 23.3421 111.88 28.5585 443.656 33.4511 20.6862 410.205 1119.22 918.352 97.414 63.6927 820.938 200.864 19.8504 43.2051 27.036 761.11 730.7 22.9424 33.7213 181.014 84.7996
internal_count=4959 4515 685 678 630 586 3830 270 138 183 94 444 96 78 348 3647 3233 326 247 2907 414 89 137 100 2815 2767 169 79 325 193
cat_boundaries=0 1 2 3
cat_threshold=4996 42016 16420
is_linear=0
shrinkage=0.05


Tree=21
num_leaves=31
num_cat=3
split_feature=0 7 5 4 7 9 5 7 3 3 3 7 3 3 9 9 7 4 9 7 7 2 7 7 0 3 3 7 9 7
split_gain=65.2036 22.9034 35.16 18.1843 17.4004 17.0933 16.5561 16.1143 16.9715 22.6581 20.3174 13.2602 25.3984 37.0594 19.5825 37.8375 30.2238 20.1103 25.2719 17.0134 24.6206 23.1441 28.3708 23.7225 16.4825 36.1711 36.6992 18.9584 18.0767 15.8066
threshold=0 12.916880950000001 6.5000000000000009 1.5000000000000002 13.001849400000003 114.50000000000001 1.5000000000000002 12.988296100000001 18.500000000000004 20.500000000000004 10.500000000000002 13.039757100000001 19.500000000000004 18.500000000000004 6.5000000000000009 17.500000000000004 13.086187200000003 2.5000000000000004 158.50000000000003 13.012931075000003 13.017471850000002 1 12.997148350000002 12.945398300000003 2 21.500000000000004 6.5000000000000009 12.9802558 100.50000000000001 13.060627000000002
decision_type=9 2 2 2 2 2 2 2 2 2 2 2 2 2 2 2 2 2 2 2 2 9 2 2 9 2 2 2 2 2
left_child=4 2 3 -2 7 -6 -5 8 10 -10 -1 19 13 14 -13 -16 17 -17 -19 21 -21 24 23 -23 -3 26 -26 28 -27 -14
right_child=1 11 -4 6 5 -7 -8 -9 9 -11 -12 12 29 -15 15 16 -18 18 -20 20 -22 22 -24 -25 25 27 -28 -29 -30 -31
leaf_value=0.051454228151171524 0.059734551841762497 0.037225182003108724 -0.057978804724218173 -0.061955521507875311 0.029718478683314228 0.056887884778607289 0.026739096751247311 0.077163748264272608 -0.0027370474419567206 0.049464733073604356 0.084262032041073465 0.067834352732643807 -0.062353698335035845 0.081826443986294808 -0.060334059356113891 0.065133868840012057 -0.05886506476723196 -0.028826144804452437 0.075859258900016713 0.073376330640166104 0.035817266126999911 -0.059811531488689534 -0.059465659259203163 0.027180146255611406 0.015679216351338617 0.075649296660058207 -0.073954308311439149 0.090749000763792206 -0.019394295553218751 0.0084298180290411934
leaf_weight=156.76247235387564 20.216498505324125 577.89873030781746 18.021240407600999 8.2549985237419605 137.62818097323179 99.918998599052429 14.508733805269003 87.411600664258003 26.495554879307747 96.481069847941399 67.514328271150589 14.768657337874172 13.397629372775553 26.130185537040234 17.343627467751503 29.57044992595911 9.6788446567952615 17.811791669577364 8.5240143164992315 61.862693950533867 148.06289660930634 8.8794447444379312 14.46296079084277 66.748630709946156 30.602268766611814 8.1720833629369753 18.218099527060986 15.184990547597407 12.899816185235975 19.175295535475016
leaf_count=196 66 1353 266 78 261 100 81 58 87 138 31 43 109 49 155 80 96 124 13 115 454 89 131 406 125 9 94 11 73 106
internal_value=0.0382982 0.030223 0.000643939 0.0252239 0.0512658 0.0411467 -0.00542496 0.0579754 0.0531453 0.0382178 0.0613304 0.0321049 0.0186014 0.0289356 0.0147894 0.00534267 0.0227105 0.0368334 0.005057 0.034298 0.0468855 0.0307892 0.0042271 0.0169665 0.0338247 0.00924054 -0.017769 0.0481578 0.0174654 -0.0206843
internal_weight=1852.61 1180.39 61.0015 42.9802 672.212 237.547 22.7637 434.665 347.253 122.977 224.277 1119.39 156.4 123.828 97.6974 82.9287 65.5851 55.9063 26.3358 962.993 209.926 753.067 90.091 75.6281 662.976 85.0773 48.8204 36.2569 21.0719 32.5729
internal_count=4997 4126 491 225 871 361 159 510 452 225 227 3635 775 560 511 468 313 217 137 2860 569 2291 626 495 1665 312 219 93 82 215
cat_boundaries=0 1 2 3
cat_threshold=5028 3153056 40960
is_linear=0
shrinkage=0.05


Tree=22
num_leaves=31
num_cat=3
split_feature=7 1 8 8 3 5 7 8 2 8 9 4 3 4 7 7 7 7 3 9 5 4 7 9 3 9 4 2 9 8
split_gain=56.1063 50.1967 26.7424 50.702 22.0134 28.339 29.9178 28.805 21.7973 22.1224 17.8915 33.2602 24.6443 26.3983 21.198 42.8998 28.9489 23.3204 20.4583 36.7907 20.3541 19.7796 33.8982 34.1191 16.2754 25.5409 23.4881 28.9612 45.2963 31.3624
threshold=13.124429500000002 0 77.566019350000019 77.558758050000009 2.5000000000000004 6.5000000000000009 12.951984300000001 77.553481050000016 1 77.640930200000014 13.500000000000002 1.0000000180025095e-35 9.5000000000000018 4.5000000000000009 13.000085200000003 12.979363500000003 12.936473250000002 13.081705100000002 18.500000000000004 26.500000000000004 11.500000000000002 3.5000000000000004 12.938176200000003 137.50000000000003 8.5000000000000018 133.50000000000003 5.5000000000000009 2 19.500000000000004 77.60673125000001
decision_type=2 1 2 2 2 2 2 2 9 2 2 2 2 2 2 2 2 2 2 2 2 2 2 2 2 2 2 9 2 2
left_child=1 2 3 4 5 -1 -7 -8 9 -4 -6 -12 14 18 15 16 -13 -16 -14 -20 -15 22 -21 -24 25 26 27 28 -10 -29
right_child=-2 -3 8 -5 10 6 7 -9 24 -11 11 12 13 20 17 -17 -18 -19 19 21 -22 -23 23 -25 -26 -27 -28 29 -30 -31
leaf_value=0.074728069722514404 -0.069279063571934141 0.056515700698392374 -0.033191538027836677 -0.066488475750187501 0.037510421606898908 0.07271627415139667 -0.067298188660324665 0.075711910881331765 -0.066763261196395238 0.039632603796469622 -0.066668949955968199 0.038147243915008816 0.080145789523226735 -0.068565613494647168 -0.065507901397193577 0.093449975393475049 -0.069320970410334054 0.059224028155615387 -0.063482401456063209 0.087704483401608094 0.027281440401797197 0.075323556512180867 -0.065895792599620431 0.058284652517590574 0.04404918066304539 0.053394344366534507 0.05132798798379027 0.069754359164342819 0.015995528195177428 0.014963435733071557
leaf_weight=44.710676744580269 12.586250115185974 270.56535746902227 24.798896744847298 15.682997062802313 89.079502947628498 12.099754624068739 13.148730099201204 4.808819703757762 17.896565683186054 17.996341150254011 13.046027861535547 11.263219874352218 24.807540722191334 10.814010243862867 21.479619234800342 11.887678224593399 14.124526992440222 4.5392321795225135 9.6248296536505205 11.443156577646731 11.355384787544608 25.411697346717119 14.170525867491962 9.0728774294257146 596.32358658313751 110.2803863696754 76.747562397271395 58.331646397709846 217.14122584462166 47.292217638343573
leaf_count=96 92 243 270 112 288 16 93 14 134 74 87 31 37 69 166 16 76 6 75 13 35 45 88 14 1398 203 187 123 602 232
internal_value=0.0359226 0.0366542 0.0331633 0.0215008 0.0253674 0.049489 0.0119455 -0.0290018 0.0368872 -0.00208109 0.0189746 0.0104211 0.0160087 0.0296339 -0.00911323 0.0150619 -0.0216429 -0.0437472 0.0411503 0.0272756 -0.0194718 0.0418106 0.0172588 -0.0174229 0.0380509 0.0319935 0.0263394 0.0207097 0.00929838 0.041311
internal_weight=1822.53 1809.94 1539.38 372.571 356.888 74.768 30.0573 17.9575 1166.81 42.7952 282.12 193.04 179.994 116.7 63.2943 37.2754 25.3877 26.0189 94.5306 69.7231 22.1694 60.0983 34.6866 23.2434 1124.01 527.69 417.409 340.662 235.038 105.624
internal_count=4935 4843 4600 1377 1265 219 123 107 3223 344 1046 758 671 376 295 123 107 172 272 235 104 160 115 102 2879 1481 1278 1091 736 355
cat_boundaries=0 1 2 3
cat_threshold=2 294915 19524
is_linear=0
shrinkage=0.05


Tree=23
num_leaves=31
num_cat=1
split_feature=0 8 4 9 7 7 3 8 7 7 7 9 5 5 9 8 8 8 7 3 8 3 9 9 4 9 9 8 8 3
split_gain=51.3583 17.8581 21.7976 25.892 17.7695 17.7616 17.6241 16.6238 29.5261 46.816 16.4611 19.0846 21.1414 14.8942 14.5211 15.1223 15.009 52.8895 21.8051 30.0203 17.3101 40.6845 30.5566 16.4835 18.2232 36.3604 18.0028 16.2083 33.9344 42.0033
threshold=0 77.697799100000012 1.0000000180025095e-35 4.5000000000000009 13.023740200000001 12.905989700000001 7.5000000000000009 77.70915620000001 12.987857300000002 12.955488100000002 13.086187200000003 17.500000000000004 1.5000000000000002 6.5000000000000009 1.5000000000000002 77.550320860000014 77.566019350000019 77.552675050000019 13.016773350000001 5.5000000000000009 77.653159750000015 18.500000000000004 127.50000000000001 143.50000000000003 5.5000000000000009 12.500000000000002 181.50000000000003 77.636337950000012 77.619946550000009 21.500000000000004
decision_type=9 2 2 2 2 2 2 2 2 2 2 2 2 2 2 2 2 2 2 2 2 2 2 2 2 2 2 2 2 2
left_child=1 4 -3 -4 -1 6 13 10 9 -9 14 12 -12 -2 15 -7 17 23 -19 -20 27 22 -22 24 -16 -26 -25 28 -18 -30
right_child=5 2 3 -5 -6 7 -8 8 -10 -11 11 -13 -14 -15 16 -17 20 18 19 -21 21 -23 -24 26 25 -27 -28 -29 29 -31
leaf_value=0.063485290946643722 0.042851819521730207 0.0669782460556997 0.044476181554459114 -0.070638806833437526 0.041196889840022351 0.04785094652588176 -0.055294666545872062 0.055388926079942891 0.063773531842501771 -0.067574056540156663 0.096094838905050731 -0.033643246786111421 -0.0081494022919610474 -0.057243658479745496 0.036025405018047553 -0.064506698707507998 0.038083541102464008 -0.064891026064209253 0.064192033901961182 -0.065149497592379937 -0.049552384587982334 0.041173135737218675 0.035727991550224318 -0.069627796654195218 0.059718345527148546 -0.067715827664951739 0.026060982809576673 0.0611185381204866 -0.032954865293262491 0.067018318843745373
leaf_weight=251.45897322148085 16.883186321705583 13.122221916913984 9.2540745586156863 10.345739535987375 138.77729749679565 4.775692753493785 11.724723132327197 20.14989823102951 88.104365773499012 12.569508679211138 8.1169188320636767 21.987666666507721 12.135335166007279 4.7654600311070672 262.88858450949192 8.0301879942417127 636.25609438866377 22.192053906619549 10.47693043202162 7.8457509353756896 30.146678112447262 66.734918817877769 16.120571136474609 8.5313738659024256 10.1264745593071 12.515822760760782 11.597084887325762 64.637065719813108 36.527286879718304 14.74868857860565
leaf_count=164 68 18 16 56 161 10 199 37 99 73 15 171 71 84 845 66 1577 156 34 54 180 165 27 51 26 89 27 128 218 46
internal_value=0.0352765 0.0513694 0.017104 -0.0162871 0.055559 0.0299129 -0.00592184 0.0309906 0.0487109 0.00815139 0.0292999 -0.00138822 0.0336307 0.0208181 0.0303589 -0.0226052 0.0309188 0.0221201 -0.0315608 0.00880814 0.0344393 0.0161926 -0.0198387 0.0292355 0.0323183 -0.0107225 -0.0144964 0.0371806 0.0349301 -0.00419923
internal_weight=1843.55 422.958 32.722 19.5998 390.236 1420.59 33.3734 1387.21 120.824 32.7194 1266.39 42.2399 20.2523 21.6486 1224.15 12.8059 1211.35 346.174 40.5147 18.3227 865.171 113.002 46.2672 305.659 285.531 22.6423 20.1285 752.169 687.532 51.276
internal_count=4931 415 90 72 325 4516 351 4165 209 110 3956 257 86 152 3699 76 3623 1282 244 88 2341 372 207 1038 960 115 78 1969 1841 264
cat_boundaries=0 1
cat_threshold=4484
is_linear=0
shrinkage=0.05


Tree=24
num_leaves=31
num_cat=2
split_feature=0 8 8 7 7 5 7 8 7 7 8 0 9 8 7 9 4 3 7 8 7 3 7 7 7 8 9 5 9 9
split_gain=57.7803 31.9127 18.2507 31.7305 36.8087 20.9755 15.588 14.651 26.5665 22.058 27.0537 33.5743 21.9521 29.9065 21.4588 23.3244 18.0859 22.976 17.3853 17.9823 17.3484 17.8103 32.8069 43.1336 26.9127 23.0211 50.6913 36.9026 46.8853 31.9611
threshold=0 77.678366900000015 77.70915620000001 12.987857300000002 12.955488100000002 1.5000000000000002 13.023740200000001 77.496419450000005 13.124429500000002 12.927728350000002 77.643485300000023 1 136.50000000000003 77.504803050000007 13.000085200000003 129.50000000000003 1.5000000000000002 3.5000000000000004 12.956199150000002 77.571441450000009 12.930360600000002 4.5000000000000009 12.979363500000003 12.965141850000002 12.948622450000002 77.545774800000018 112.50000000000001 1.5000000000000002 122.50000000000001 62.500000000000007
decision_type=9 2 2 2 2 2 2 2 2 2 2 9 2 2 2 2 2 2 2 2 2 2 2 2 2 2 2 2 2 2
left_child=1 6 7 4 5 -4 -1 14 9 10 11 -9 13 -11 -2 -16 -12 -18 -14 -20 -15 22 23 24 -22 27 29 -24 -29 -27
right_child=2 -3 3 -5 -6 -7 -8 8 -10 12 16 -13 18 20 15 -17 17 -19 19 -21 21 -23 25 -25 -26 26 -28 28 -30 -31
leaf_value=0.061979966957359384 0.066222590673198301 0.0037953318995836965 0.088412781865010448 0.061039178130155261 -0.066800819020191013 -0.0083793224328180364 0.040824634680549705 0.037966471658676712 -0.064104357035074708 -0.065824829403204485 0.077181688867923343 -0.027706286430185245 -0.018781995016171383 0.072864641183410461 -0.062160374374376354 0.041422888217302251 0.069464613473588219 -0.03190230446720841 0.013078251525898791 0.057003076523018198 -0.066235647459481836 0.027434370243716966 0.12283025546305915 -0.072955576400264344 0.027989414109515484 0.011601018921423189 -0.077481945068231597 -0.061144138632362559 0.10930833024118514 0.08150035495832797
leaf_weight=242.31691016256809 48.135912161320448 33.983379423618317 11.684844121336939 88.030014023184776 11.881256222724913 10.743565391749142 135.91379895806313 17.440020550042391 8.5719904415309411 9.2617713622748834 16.837044980376959 64.276763401925564 10.354665905237196 18.155476834625006 7.8580426797270801 17.622334398329258 9.3886118493974227 13.816989567130802 29.089878477156162 117.07716731727123 9.370234973728655 679.82049148902297 14.064084857702257 23.063551656901836 39.624242354184389 74.596850223839283 13.236177705228327 9.3367390818893927 7.1038154065608969 20.94551607966423
leaf_count=155 50 99 9 99 71 55 154 28 75 70 32 570 33 36 56 51 22 90 83 147 60 2081 22 131 120 368 64 90 4 26
internal_value=0.0320372 0.0490187 0.0265032 0.0451421 0.00435411 0.0420478 0.054378 0.0249277 0.0236052 0.0242334 0.00406344 -0.0124348 0.0265177 0.0235685 0.046582 0.00947824 0.0377321 0.00910911 0.043826 0.0482612 0.024479 0.0234932 0.0108158 -0.0165727 0.00996879 0.0249852 0.0142207 0.0633712 0.0125068 0.0269249
internal_weight=1813.6 412.214 1401.39 122.34 34.3097 22.4284 378.231 1279.05 1205.43 1196.86 121.759 81.7168 1075.1 918.579 73.6163 25.4804 40.0426 23.2056 156.522 146.167 909.317 891.162 211.341 72.058 48.9945 139.283 108.779 30.5046 16.4406 95.5424
internal_count=4951 408 4543 234 135 64 309 4309 4152 4077 742 598 3335 3072 157 107 144 112 263 230 3002 2966 885 311 180 574 458 116 94 394
cat_boundaries=0 1 2
cat_threshold=4484 546
is_linear=0
shrinkage=0.05


Tree=25
num_leaves=31
num_cat=2
split_feature=0 7 8 7 8 7 7 9 7 9 9 4 9 4 8 4 8 7 7 9 2 7 4 7 8 5 8 8 9 4
split_gain=80.0625 29.7287 26.5562 25.6724 22.4046 23.7873 37.5795 23.1605 29.0956 21.5536 19.133 25.0822 18.2975 33.8104 17.0739 52.6628 16.4692 13.92 40.973 25.0778 20.9026 23.2077 41.9764 20.5563 17.2349 17.1754 13.9337 39.9428 36.2855 31.0138
threshold=0 12.905989700000001 77.697799100000012 13.042103600000003 77.707542750000002 12.987857300000002 12.955488100000002 136.50000000000003 12.951245650000002 118.50000000000001 124.50000000000001 2.5000000000000004 3.5000000000000004 1.0000000180025095e-35 77.572365750000017 2.5000000000000004 77.597060800000023 12.957941650000002 12.960923800000002 110.50000000000001 1 12.976678750000001 1.0000000180025095e-35 13.041080050000003 77.491973350000009 6.5000000000000009 77.521538100000015 77.580159950000009 12.500000000000002 3.5000000000000004
decision_type=9 2 2 2 2 2 2 2 2 2 2 2 2 2 2 2 2 2 2 2 9 2 2 2 2 2 2 2 2 2
left_child=2 -2 3 -1 7 6 -6 9 -9 17 11 -11 -4 -14 -12 -16 -5 19 -19 26 23 22 -22 -20 -23 -25 -3 28 29 -28
right_child=1 4 12 16 5 -7 -8 8 -10 10 14 -13 13 -15 15 -17 -18 18 20 -21 21 24 -24 25 -26 -27 27 -29 -30 -31
leaf_value=0.05758624238482251 -0.030889534934097365 0.053348696572576043 0.058591866741317805 -0.0021142032152840586 0.046886091522746955 0.056482395962724245 -0.065617973020077561 -0.030385293212677307 0.045189392227757218 -0.075330596153124527 0.034736642517627932 0.0049575930818114358 0.049686139918688942 -0.069209415972927707 0.027704029907467082 -0.08034011884507411 0.043732593208120535 -0.066844572160398338 0.037883218451160765 0.069296697383383662 0.052546238900102175 -0.066626117251837189 -0.069475024168355964 -0.060866310662847228 0.017291050240912122 0.024059025929540442 -0.060799519280485825 0.033524088071162597 -0.064977583529925706 0.066048893672542255
leaf_weight=371.01244862005115 24.752730797976255 36.987014941871166 11.745755746960638 30.766282476484776 20.96698883920908 97.402901008725166 11.490269824862478 13.844232268631457 159.01269376277924 16.518500119447708 46.89118018373847 23.661424148827791 10.59652651846409 13.723134405910967 35.205283276736736 16.594366364181042 53.91416984423995 13.849716518074272 212.65792306885123 38.493174020200968 10.537494685500862 6.2385747730731955 21.284603837877512 9.997397109866144 318.00483253225684 14.71830642968416 7.1350385472178486 131.29101122543216 22.997038006782532 14.842553790658711
leaf_count=299 338 54 13 68 40 112 72 65 272 90 120 70 19 78 79 79 64 89 535 49 29 42 159 85 1330 69 61 402 139 42
internal_value=0.0302268 0.0232169 0.0476782 0.0519165 0.0244251 0.0441293 0.00705827 0.0222395 0.0391366 0.0193126 0.00103645 -0.0280499 0.00734599 -0.0174044 0.0128784 -0.00690864 0.0270754 0.0222671 0.0181692 0.0321527 0.0201532 0.0113585 -0.0290692 0.0315384 0.0156764 -0.0102929 0.025448 0.0195934 -0.0210733 0.0248675
internal_weight=1817.13 1325.38 491.758 455.693 1300.62 129.86 32.4573 1170.76 172.857 997.905 138.871 40.1799 36.0654 24.3197 98.6908 51.7996 84.6805 859.035 607.289 251.746 593.439 356.066 31.8221 237.374 324.243 24.7157 213.253 176.266 44.9746 21.9776
internal_count=4963 4422 541 431 4084 224 112 3860 337 3523 438 160 110 97 278 158 132 3085 2338 747 2249 1560 188 689 1372 154 698 644 242 103
cat_boundaries=0 1 2
cat_threshold=37764 558496
is_linear=0
shrinkage=0.05


Tree=26
num_leaves=31
num_cat=1
split_feature=0 8 9 4 7 4 7 7 9 8 8 7 7 8 7 8 8 9 3 7 4 7 8 8 9 5 7 3 9 8
split_gain=54.2287 36.0193 28.5188 36.2451 22.7577 40.6456 22.5561 20.3264 17.9824 17.1383 16.845 20.7505 37.8962 13.7497 13.2122 18.6404 36.2528 32.2057 12.587 22.3997 24.0449 22.2309 16.4908 17.8753 16.84 16.5144 16.3983 24.3679 15.6639 12.5515
threshold=0 77.697799100000012 2.5000000000000004 1.0000000180025095e-35 12.916880950000001 1.5000000000000002 12.840885850000001 13.001849400000003 11.500000000000002 77.676436400000014 77.70915620000001 12.987857300000002 12.955488100000002 77.622465650000024 12.987064950000002 77.566019350000019 77.487030350000012 9.5000000000000018 1.5000000000000002 13.081705100000002 4.5000000000000009 13.017947000000001 77.590113100000011 77.584443550000017 10.500000000000002 11.500000000000002 13.086187200000003 22.500000000000004 14.500000000000002 77.586021050000014
decision_type=9 2 2 2 2 2 2 2 2 2 2 2 2 2 2 2 2 2 2 2 2 2 2 2 2 2 2 2 2 2
left_child=4 7 -3 -4 5 8 -7 14 -1 -10 18 12 -12 29 15 16 -2 -18 19 20 21 22 23 25 -24 -6 -20 28 -28 -9
right_child=1 2 3 -5 10 6 -8 13 9 -11 11 -13 -14 -15 -16 -17 17 -19 26 -21 -22 -23 24 -25 -26 -27 27 -29 -30 -31
leaf_value=0.079967947287214347 0.070777959399587614 0.066268994416045501 0.041160011382561555 -0.073428554429134804 -0.025916336021442273 0.050459955149470562 -0.060291344113255298 0.025805650402695807 -0.065070333029089628 0.067703325139040219 0.049795123572455378 0.05645215776695818 -0.064528491907988692 0.012684038747935313 0.068974046415198817 0.05336531427029037 0.046051891266326986 -0.059858373631303613 0.02572354851848099 0.081281394324161205 -0.065264040707851731 -0.062348191781955636 0.036617974796283884 0.078606926787380529 -0.070870531472375528 0.059403343307702916 0.028638695203016845 0.098534591669529728 -0.059496581528541093 0.053051825015173082
leaf_weight=13.758206233382227 20.55116006731987 10.762173831462858 11.269969046115877 17.800966121256351 13.472915668040514 5.4835991337895384 28.445463806390762 75.464919872581959 5.6861000806093198 4.2448211535811424 20.160101450979713 81.911181069910526 11.31838149577379 56.796763673424721 95.460059434175491 236.45633213222027 12.309560202062132 17.217955701053143 904.39878758043051 8.5455884560942632 13.271319434046744 9.3745106905698758 6.4707359969615927 16.038607999682426 8.3406479060649854 9.7948298528790474 7.2483472116291585 4.1575210914015761 16.556400079280138 96.092570349574089
leaf_count=42 11 8 22 97 61 32 354 138 63 9 35 87 74 104 63 234 17 70 2803 20 103 74 25 16 46 20 35 10 160 106
internal_value=0.0302285 0.042154 -0.00326434 -0.0290058 0.0231561 -0.00730161 -0.0423918 0.0458088 0.0429567 -0.00831825 0.0249123 0.0431925 0.008689 0.0340073 0.0528636 0.0474964 0.019785 -0.015706 0.0228756 0.00449231 -0.00405612 0.00873773 0.0210515 0.0379944 -0.0239114 0.00999998 0.0245576 -0.0131537 -0.0326601 0.0410667
internal_weight=1838.86 650.182 39.8331 29.0709 1188.68 57.6182 33.9291 610.349 23.6891 9.93092 1131.06 113.39 31.4785 228.354 381.995 286.535 50.0787 29.5275 1017.67 85.3092 76.7636 63.4922 54.1177 39.3064 14.8114 23.2677 932.361 27.9623 23.8047 171.557
internal_count=4939 870 127 119 4069 500 386 743 114 72 3569 196 109 348 395 332 98 87 3373 365 345 242 168 97 71 81 3008 205 195 244
cat_boundaries=0 1
cat_threshold=42051
is_linear=0
shrinkage=0.05


Tree=27
num_leaves=31
num_cat=3
split_feature=0 2 7 9 2 8 9 7 8 9 9 9 9 4 9 8 9 9 8 5 5 7 4 9 9 8 8 8 7 7
split_gain=65.6896 35.2311 15.2475 14.2277 12.6191 12.3894 13.1169 10.8251 20.086 9.74962 36.1979 33.414 15.6501 25.401 10.4963 10.1532 22.1393 16.1445 11.7529 21.8399 25.5745 23.151 21.7298 20.1431 20.346 15.1997 22.577 23.1867 19.9001 9.3292
threshold=0 1 13.056124600000002 21.500000000000004 2 77.747383950000014 112.50000000000001 12.985113100000001 77.647269385000016 27.500000000000004 23.500000000000004 33.500000000000007 18.500000000000004 1.5000000000000002 24.500000000000004 77.521538100000015 5.5000000000000009 2.5000000000000004 77.537295750000013 11.500000000000002 6.5000000000000009 13.031720950000002 2.5000000000000004 16.500000000000004 15.500000000000002 77.638382950000008 77.585441200000005 77.580159950000009 13.007867700000002 12.909801800000002
decision_type=9 9 2 2 9 2 2 2 2 2 2 2 2 2 2 2 2 2 2 2 2 2 2 2 2 2 2 2 2 2
left_child=2 7 -1 -4 5 29 -7 -2 -9 10 12 -11 15 -14 -12 16 -6 -17 -19 20 23 22 -21 24 25 26 27 28 -20 -3
right_child=1 4 3 -5 9 6 -8 8 -10 11 14 -13 13 -15 -16 17 -18 18 19 21 -22 -23 -24 -25 -26 -27 -28 -29 -30 -31
leaf_value=0.046643315277196229 -0.056674523092470855 -0.0052377162693935178 0.047049954627893881 -0.0084924261897746135 0.07444740751628659 0.038584398154813598 -0.066076989868586566 0.086862887379673598 -0.056548900624759327 -0.063175153597503142 0.085699893071140787 0.032524003512056636 0.027773594017225303 -0.058239639923561216 0.033023201359480052 -0.059430296092138214 -0.060161683834198731 0.049985419599634547 -0.061641403059742229 0.044504411550918242 -0.061258077967943227 0.07635838494233041 -0.06582517948740392 -0.065719249001544258 0.095210010321449809 0.06782623763162636 -0.060039951414123917 0.091887419643271712 0.064859069777376085 0.02665877616390749
leaf_weight=446.80677709728479 20.874912181869153 23.495385954156518 21.014998838305473 25.545452415943146 4.1456291712820521 4.9856953509151918 7.4923848621547222 4.3737626075744611 5.5266341306269169 17.150537922978401 19.580513074994087 19.48278434574604 14.500965394079683 21.033727578818798 18.290327422320843 6.5263679437339297 11.606736246496437 28.070696868002415 8.4884836226701754 11.452963128685953 14.81897411867976 22.989405546337366 7.3121320828795424 7.2360731214284888 8.2691849172115308 8.8479217849671823 12.229248505085705 8.0919093787670118 4.9056423529982558 943.35740239545703
leaf_count=478 280 266 23 56 7 13 54 10 61 121 28 61 73 232 59 60 104 86 69 37 118 51 61 51 15 18 106 10 10 2303
internal_value=0.0272405 0.0207199 0.0429356 0.0165766 0.0221066 0.0249896 -0.0242589 -0.0273617 0.00680706 0.0113242 0.0154262 -0.0122792 0.00695926 -0.0231394 0.0602588 0.0134417 -0.0247359 0.0174714 0.0209882 0.013888 -0.00262962 0.0427216 0.00151265 0.0123323 0.023443 0.00950013 -0.00580643 0.0250618 -0.0153102 0.0258837
internal_weight=1778.5 1285.14 493.367 46.5605 1254.36 979.331 12.4781 30.7753 9.9004 275.03 238.397 36.6333 200.526 35.5347 37.8708 164.991 15.7524 149.239 142.713 114.642 72.8874 41.7545 18.7651 58.0685 50.8324 42.5632 33.7153 21.486 13.3941 966.853
internal_count=4921 4364 557 79 4013 2636 67 351 71 1377 1195 182 1108 305 87 803 111 692 632 546 397 149 98 279 228 213 195 89 79 2569
cat_boundaries=0 1 2 3
cat_threshold=6020 401410 1088928
is_linear=0
shrinkage=0.05


Tree=28
num_leaves=31
num_cat=3
split_feature=0 2 5 7 7 9 8 8 3 9 7 9 7 3 7 4 7 7 3 7 0 8 4 8 8 7 7 4 8 7
split_gain=62.5278 32.9478 30.8084 31.5602 40.5599 34.3725 23.1774 21.9272 17.479 17.4816 13.3412 11.8773 17.4369 18.9088 13.0494 18.9993 10.3203 19.588 17.7186 12.8772 10.7249 38.4086 24.7346 18.5318 19.9986 42.5746 12.0743 39.5425 39.2822 25.7606
threshold=0 1 11.500000000000002 13.045979900000001 13.016773350000001 3.5000000000000004 77.645502550000018 77.521538100000015 1.0000000180025095e-35 33.500000000000007 13.069818500000002 27.500000000000004 12.978420750000002 8.5000000000000018 12.911580850000002 5.5000000000000009 12.909801800000002 12.874989400000002 4.5000000000000009 12.912429750000003 2 77.549888505000013 1.5000000000000002 77.58648285000001 77.594799650000013 13.009077050000002 13.043412250000001 1.5000000000000002 77.59299144500001 13.081705100000002
decision_type=9 9 2 2 2 2 2 2 2 2 2 2 2 2 2 2 2 2 2 2 9 2 2 2 2 2 2 2 2 2
left_child=10 16 3 4 5 -3 7 -7 -4 -10 -1 12 13 14 -9 -16 17 18 -2 -18 26 -22 -23 -24 -25 -26 -21 -28 -29 -30
right_child=1 2 8 -5 -6 6 -8 11 9 -11 -12 -13 -14 -15 15 -17 19 -19 -20 20 21 22 23 24 25 -27 27 28 29 -31
leaf_value=0.045043180369389771 0.071308294890623666 -0.066398970129634791 0.047259370523001748 0.062924803376884983 -0.036164580304907178 -0.058662115854169 -0.058103539505736261 0.081694431749058702 -0.059687837871415454 0.030489740705518562 0.01189600369084523 -0.0081298049667419929 0.060154270036875457 -0.057380676528984542 -0.05972607581524278 0.077903303136326985 0.064394710508868788 -0.055973625438966591 -0.053973180575166251 0.027949373426993065 0.059625837976984154 -0.064585056038706276 -0.068314075701708166 0.071363552827407709 -0.066858112978075104 0.056300447420379963 0.046122364111377455 -0.062883803243032832 0.06145932016423792 -0.02412286280742738
leaf_weight=446.74972268939018 9.3036936111748236 10.795456787571309 5.8195618242025366 26.018883749842644 46.196322683244944 6.1271252222359172 7.46240460127592 8.9078740198165232 33.988430110737681 6.3837563954293719 32.568755760788918 11.843254700303076 60.042291060090065 7.2489830814301959 5.8803619556128961 4.3718925453722477 20.249248519539833 11.378480186685918 4.0511745102703562 823.62915041297674 24.040703192353249 17.789861783385277 7.3819985985755912 12.182051394134758 14.05108015984297 14.017596390098332 43.915424942970276 25.85410001501441 17.434732604771852 17.739309642463923
leaf_count=484 35 89 25 34 319 60 76 29 356 22 59 59 145 83 64 11 26 185 70 1808 47 129 47 16 102 40 132 189 28 143
internal_value=0.0262973 0.0200811 0.00284511 0.0116647 0.00376704 0.0188037 0.0270247 0.0331083 -0.0337512 -0.0454287 0.0419164 0.0388288 0.0452618 0.0114031 0.0374266 -0.00103646 0.0239272 -0.00776761 0.0333044 0.0249127 0.0241274 0.0050201 -0.0142784 0.0045101 0.0178661 -0.00535229 0.0256381 0.00994137 -0.0160942 0.0182977
internal_weight=1783.42 1304.11 241.087 194.895 168.876 122.68 111.884 104.422 46.1917 40.3722 479.318 98.2947 86.4514 26.4091 19.1601 10.2523 1063.02 24.7333 13.3549 1038.29 1018.04 89.4633 65.4226 47.6327 40.2507 28.0687 928.573 104.944 61.0281 35.174
internal_count=4912 4369 1372 969 935 616 527 451 403 378 543 391 332 187 104 75 2997 290 105 2707 2681 381 334 205 158 142 2300 492 360 171
cat_boundaries=0 1 2 3
cat_threshold=6020 3202184 40992
is_linear=0
shrinkage=0.05


Tree=29
num_leaves=31
num_cat=1
split_feature=0 7 8 8 8 4 9 7 8 7 7 8 7 7 9 3 9 8 3 8 4 7 7 3 9 8 3 3 4 7
split_gain=56.5339 21.9867 30.4957 20.4385 18.8125 16.5324 22.3104 15.2124 14.5518 12.449 10.648 23.134 13.0235 12.9646 19.9914 20.8761 20.4385 14.411 17.9736 17.5801 40.0734 24.2298 16.3872 20.518 30.7605 13.7874 13.5101 11.1207 32.8773 29.0815
threshold=0 13.102851000000003 77.717893550000028 77.697799100000012 77.747081600000016 1.0000000180025095e-35 4.5000000000000009 13.022355900000003 77.70915620000001 13.000085200000003 12.905989700000001 77.64912750000002 12.912429750000003 12.923597650000001 18.500000000000004 2.5000000000000004 115.50000000000001 77.536484000000016 7.5000000000000009 77.480893200000011 1.5000000000000002 12.938772350000002 12.946075050000001 3.5000000000000004 122.50000000000001 77.618811600000015 19.500000000000004 4.5000000000000009 4.5000000000000009 13.041440350000002
decision_type=9 2 2 2 2 2 2 2 2 2 2 2 2 2 2 2 2 2 2 2 2 2 2 2 2 2 2 2 2 2
left_child=3 4 -3 7 8 -5 -7 -1 10 -6 11 -2 -12 14 15 -14 -16 18 22 -20 26 -22 -15 24 -24 -18 -21 28 -19 -30
right_child=1 2 -4 5 9 6 -8 -9 -10 -11 12 -13 13 17 16 -17 25 27 19 20 21 -23 23 -25 -26 -27 -28 -29 29 -31
leaf_value=0.053329471508308607 -0.055594388770339093 -0.060180398842781202 0.091266408697952633 0.04774486223358726 -0.066374894536383608 0.03661604390780563 -0.06933784451116104 0.032328983812630441 0.041113951174348552 0.023170013301788115 0.051832325693470349 0.03850772558941748 0.039418863151008135 0.027570950109639808 0.045907846902504289 -0.070887805288818356 -0.062623130908717489 0.022893399863613155 0.055306181530068589 0.071922064292764029 0.039772565828846827 -0.048013638287758696 -0.063029934635402254 -0.065238062377434597 0.048054981599533461 0.038833482212449554 0.010044092873828094 0.026702934667185853 -0.050276136371867813 0.044003964333886252
leaf_weight=249.80801276862621 13.883388448506595 16.960465297102932 4.1342220604419699 13.843358576297758 10.171661272644998 8.8030401021242159 11.405579417943953 131.69540753960609 89.134512655436993 6.2765391990542403 33.064254224300385 12.333036197349427 5.8872106038033989 17.995201990008354 25.350334223359823 15.80306515470147 9.7885319218039495 195.58051662519574 27.042124681174755 21.570165559649467 10.590508460998533 30.489617098122835 10.736251268535854 20.997969157993793 14.854139469563959 5.0897589623928061 14.924649074673651 721.9016812928021 31.339829888194799 11.067886363714932
leaf_count=177 249 157 5 20 72 15 65 160 137 15 95 78 19 43 63 100 77 606 49 30 18 189 101 152 27 10 57 1941 198 41
internal_value=0.0253967 0.0200092 -0.0304992 0.0417623 0.0209426 0.00565146 -0.0231835 0.0460801 0.0215952 -0.0322051 0.0202037 -0.0113258 0.020879 0.0200197 -0.00225672 -0.0409482 0.0186048 0.0212413 0.00778694 0.020591 0.00848946 -0.0253822 -0.0129539 -0.0286071 0.00145016 -0.0279155 0.0466169 0.0236129 0.0142397 -0.0256702
internal_weight=1792.52 1376.97 21.0947 415.555 1355.87 34.052 20.2086 381.503 1339.42 16.4482 1250.29 26.2164 1224.07 1191.01 61.9189 21.6903 40.2286 1129.09 169.201 104.617 77.5749 41.0801 64.5836 46.5884 25.5904 14.8783 36.4948 959.89 237.988 42.4077
internal_count=4966 4529 162 437 4367 100 80 337 4280 87 4143 327 3816 3721 269 119 150 3452 666 343 294 207 323 280 128 87 87 2786 845 239
cat_boundaries=0 1
cat_threshold=4996
is_linear=0
shrinkage=0.05


Tree=30
num_leaves=31
num_cat=1
split_feature=0 8 3 8 8 3 7 4 7 9 9 9 8 8 9 5 7 5 7 8 9 8 3 7 7 5 7 9 9 7
split_gain=31.3521 45.8902 34.6921 17.5779 19.6051 18.3588 20.6816 20.8404 20.2036 21.4324 24.0023 26.5903 19.6047 24.2847 21.1212 16.2047 18.5051 16.0848 18.5923 14.327 29.3546 15.0117 13.4704 16.0229 23.5684 36.9823 24.0239 52.4507 22.4469 20.6633
threshold=0 77.697799100000012 11.500000000000002 77.70915620000001 77.723700325000024 1.5000000000000002 13.081705100000002 4.5000000000000009 13.043412250000001 13.500000000000002 28.500000000000004 140.50000000000003 77.590113100000011 77.584443550000017 6.5000000000000009 11.500000000000002 12.948622450000002 1.5000000000000002 12.987857300000002 77.597480000000004 14.500000000000002 77.592779850000014 20.500000000000004 13.01614565 13.009077050000002 11.500000000000002 12.971398600000002 16.500000000000004 10.500000000000002 12.962489350000002
decision_type=9 2 2 2 2 2 2 2 2 2 2 2 2 2 2 2 2 2 2 2 2 2 2 2 2 2 2 2 2 2
left_child=1 -1 -3 5 -5 6 7 12 22 -10 19 -12 13 15 -14 16 -2 -6 -19 21 -21 -11 -7 24 25 26 29 -28 -25 -24
right_child=3 2 -4 4 17 8 -8 -9 9 10 11 -13 14 -15 -16 -17 -18 18 -20 20 -22 -23 23 28 -26 -27 27 -29 -30 -31
leaf_value=0.039865678336210839 0.044840339258181622 0.026288917319342853 -0.072470504220049567 0.054865279879947541 0.045327636601724966 0.026478818771449492 0.069489945179247573 -0.064536954588451378 -0.061045718290856532 -0.0060910611031349425 -0.04752109471581599 0.029865331991475359 0.040516401513451268 0.068332671899648798 -0.069650897070221013 0.038921621964101205 -0.069039079534704451 -0.067312420638417678 0.024601830899262683 0.10161384618024155 -0.061551787869883058 0.067662969829302186 0.016525607203973895 0.048623287787812657 0.065590665213266786 -0.038174213400214138 0.051584848394428798 -0.0734580193920924 -0.068184226356367783 0.062277873413699392
leaf_weight=544.16541931033134 4.9350296109914806 19.599847614765167 16.277044609189034 73.201302770525217 19.191175058484077 694.86441868729889 8.9157972894608957 14.738489568233488 12.593981198966501 9.2671196050941926 28.494661383330822 18.183983735740185 6.0770397409796741 16.407564282417297 15.314550776034592 11.374035131186249 12.871560189872978 10.087667658925058 12.102569453418253 3.9504538998007765 9.1205713860690576 27.000736922025681 69.309885097667575 5.9917534738779095 21.662104286253452 32.097581885755062 15.621538415551184 18.107071813195944 13.116844389587639 38.323530554771423
leaf_count=692 11 36 90 79 32 2050 22 129 103 55 178 56 22 19 101 36 87 72 26 6 96 69 270 26 32 229 51 103 97 42
internal_value=0.0256847 0.0356401 -0.0185174 0.0205037 0.039315 0.0187439 -0.00281964 -0.0107089 0.0206643 0.000282671 0.00832671 -0.0173747 0.00113563 0.0196655 -0.038354 -0.00769882 -0.0374778 0.0118075 -0.0171823 0.0326423 -0.0122383 0.0488174 0.0230994 0.012138 0.0164172 0.0102763 0.0212774 -0.0155439 -0.0315577 0.032816
internal_weight=1802.97 580.042 35.8769 1222.92 114.583 1108.34 90.6341 81.7183 1017.71 108.612 96.0175 46.6786 66.9798 45.5882 21.3916 29.1806 17.8066 41.3814 22.1902 49.3389 13.071 36.2679 909.095 214.23 195.122 173.46 141.362 33.7286 19.1086 107.633
internal_count=4917 818 126 4099 209 3890 427 405 3463 563 460 234 276 153 123 134 98 130 98 226 102 124 2900 850 727 695 466 154 123 312
cat_boundaries=0 1
cat_threshold=4516
is_linear=0
shrinkage=0.05


Tree=31
num_leaves=31
num_cat=3
split_feature=0 2 9 3 8 7 7 9 7 7 7 3 8 3 3 8 8 0 8 8 9 3 3 7 9 8 9 8 3 5
split_gain=56.4705 31.0974 20.9451 26.5252 27.044 22.9261 19.2392 20.6245 30.4052 41.6656 22.9321 23.0056 18.0832 15.0129 14.089 13.9312 31.8988 27.3137 22.7366 34.3324 21.4883 22.1646 19.7259 17.5675 16.1772 15.3622 13.8221 13.7217 19.9121 12.6008
threshold=0 1 12.500000000000002 12.500000000000002 77.503569950000013 13.041080050000003 12.986463750000002 14.500000000000002 13.081705100000002 13.036023950000002 13.000085200000003 2.5000000000000004 77.536484000000016 19.500000000000004 20.500000000000004 77.582835200000019 77.576211050000012 2 77.584805950000018 77.586021050000014 221.50000000000003 21.500000000000004 3.5000000000000004 12.914526800000003 24.500000000000004 77.596828750000014 180.50000000000003 77.600902000000005 1.0000000180025095e-35 1.5000000000000002
decision_type=9 9 2 2 2 2 2 2 2 2 2 2 2 2 2 2 2 9 2 2 2 2 2 2 2 2 2 2 2 2
left_child=-1 15 3 5 -5 12 -4 -8 9 10 11 -9 -3 -12 -13 16 20 22 -19 -20 21 -2 25 -24 -23 -17 -27 29 -29 -14
right_child=1 2 6 4 -6 -7 7 8 -10 -11 13 14 27 -15 -16 17 -18 18 19 -21 -22 24 23 -25 -26 26 -28 28 -30 -31
leaf_value=0.0371956273854036 0.016983393754449294 -0.061336777861134922 -0.059171323284462285 0.073265774399764935 -0.062843796442573471 -0.062295350140459595 0.064701349302179231 0.091388975530581451 -0.058708196145021735 0.047579212071687998 -0.065093550070559683 -0.065544046506236173 0.070801398427914608 0.014151217309741124 0.039627018319259855 0.085492438906446325 -0.046956949376043416 0.062612621979003566 -0.048626889236964184 0.027417666594872259 0.069382634259031906 0.024567571128370328 0.046666691468033233 -0.046684062680878283 -0.064592654840039856 -0.059731470780421486 0.068795256908430649 0.065882445489737637 -0.056673606864627107 0.01396410429908708
leaf_weight=466.47573558986187 305.92420614883304 6.9804321676492682 8.7209454476833326 4.0720039755105963 35.173771334812045 11.573310792446135 19.790445331484079 8.1223510429263133 14.346410861238835 58.18079810962081 21.269453853368763 6.7894569635391218 17.801504839211702 8.3125966861844045 5.9972607754170895 7.721305929124358 21.09433039650321 44.178793236613274 15.252917427569626 551.65238909050822 18.117591140791774 7.7105907537043121 6.0094533767551175 31.234441425651312 14.954390633851288 5.5096279010176641 3.3721201419830322 4.931543204933404 10.10614965111017 21.563982920721173
leaf_count=551 1002 62 98 5 330 96 53 13 152 125 139 51 39 37 21 6 86 41 52 1240 13 40 63 208 114 76 2 16 123 97
internal_value=0.0222095 0.016404 0.000770309 -0.0155753 -0.0487215 0.00225507 0.0129245 0.0173272 0.00970597 0.0187377 -0.0144963 0.025584 0.0144254 -0.0428257 -0.0162164 0.0203508 0.0127396 0.0248669 0.0276122 0.0253716 0.0163717 0.0134488 -0.00962784 -0.0316215 -0.0342605 0.0339095 -0.0109339 0.0241464 -0.0164819 0.0396666
internal_weight=1762.94 1296.46 263.732 112.203 39.2458 72.9569 151.53 142.809 123.018 108.672 50.4911 20.9091 61.3836 29.5821 12.7867 1032.73 367.801 664.931 611.084 566.905 346.707 328.589 53.8469 37.2439 22.665 16.6031 8.88175 54.4032 15.0377 39.3655
internal_count=4951 4400 1457 768 335 433 689 591 538 386 261 85 337 176 72 2943 1255 1688 1333 1292 1169 1156 355 271 154 84 78 275 139 136
cat_boundaries=0 1 2 3
cat_threshold=6020 1596832 65
is_linear=0
shrinkage=0.05


Tree=32
num_leaves=31
num_cat=3
split_feature=0 8 7 2 8 3 1 7 3 4 7 7 7 3 8 3 8 7 7 7 7 7 8 8 8 9 8 7 3 9
split_gain=39.4232 21.1503 21.9998 18.0528 11.8445 11.1364 12.4378 8.6778 12.0366 10.6056 16.2073 9.18281 9.8442 16.7877 23.8315 13.1235 8.55455 8.47237 17.148 11.8728 16.1983 9.7707 32.8332 9.51926 11.0179 10.9978 10.8004 19.0997 17.5717 14.2409
threshold=0 77.697799100000012 13.023740200000001 1 77.612288950000007 11.500000000000002 2 12.909801800000002 7.5000000000000009 1.5000000000000002 12.840885850000001 12.912429750000003 12.918624925000001 18.500000000000004 77.587073550000014 20.500000000000004 77.641483800000017 12.905989700000001 12.909801800000002 12.945398300000003 12.951984300000001 12.980579500000003 77.688010600000013 77.64912750000002 77.641776600000014 15.500000000000002 77.597480000000004 13.116610300000001 21.500000000000004 24.500000000000004
decision_type=9 2 2 9 2 2 1 2 2 2 2 2 2 2 2 2 2 2 2 2 2 2 2 2 2 2 2 2 2 2
left_child=1 2 -1 7 -4 -3 -7 8 9 -2 -11 -9 13 -13 -15 -16 -6 -5 -19 -20 -21 22 -22 24 26 -25 29 28 -28 -23
right_child=3 5 4 17 16 6 -8 11 -10 10 -12 12 -14 14 15 -17 -18 18 19 20 21 23 -24 25 -26 -27 27 -29 -30 -31
leaf_value=0.048692736872290095 0.058096458379040719 0.029215048190461609 0.032978611752132792 -0.056337146682664832 -0.030657930501887382 0.023233979677073795 -0.066030386073979749 0.055212435797355457 -0.055989318490490207 0.057538222121913285 -0.059960359782844447 -0.074125150583141799 0.022267352649352166 0.06491751892160201 0.03549143270095536 -0.064179065687485118 0.01940801983921267 0.076376276604359444 -0.057404074189530155 0.072077972023436035 -0.062234539508291824 0.024374547361238313 0.051604800594235348 -0.061875103847708092 0.051619822877343118 0.033301911216664065 -0.060300837300085841 0.037588576782580617 0.029611037091161131 -0.0078489776450485025
leaf_weight=260.93262924253941 8.4289498738944584 14.723723702132704 82.226790063083172 5.2847081869840613 14.784524146467446 6.4523648023605329 9.8743172734975833 20.447878174483776 8.4287820458412153 4.7794509716331941 7.604351419955492 6.999926269054412 1007.7802422046661 12.060350418090822 5.0275505632162085 9.6257816404104215 20.174629539251328 8.7696542479097825 7.3366783689707509 9.2487985491752607 18.425225760787729 103.19368972629309 9.6517670974135381 9.5765121802687627 15.355280824005602 4.4434412121772757 21.394032552838329 12.03408048301935 7.2841195426881304 51.347850289195776
leaf_count=234 20 28 104 91 40 15 60 27 155 14 106 39 2505 14 10 77 28 21 85 18 184 389 26 91 36 15 204 62 40 226
internal_value=0.0226058 0.0364617 0.0406104 0.0180844 0.0226137 -0.00231677 -0.0307528 0.0210965 -0.0055807 0.0148339 -0.0146125 0.0220297 0.0213783 -0.00519912 0.0128619 -0.0299822 -0.0017653 0.00616075 0.00757012 0.0053294 0.00708641 0.00470778 -0.023101 0.00818368 0.0108393 -0.03171 0.00763226 -0.015279 -0.0374636 0.013668
internal_weight=1783.7 409.169 378.119 1374.53 117.186 31.0504 16.3267 1091.18 29.2415 20.8128 12.3838 1061.94 1041.49 33.7136 26.7137 14.6533 34.9592 283.346 278.061 269.291 261.955 252.706 28.077 224.629 210.609 14.02 195.254 40.7122 28.6782 154.542
internal_count=4964 509 406 4455 172 103 75 2967 295 140 120 2672 2645 140 101 87 68 1488 1397 1376 1291 1273 210 1063 957 106 921 306 244 615
cat_boundaries=0 1 2 3
cat_threshold=37252 1613216 2
is_linear=0
shrinkage=0.05


Tree=33
num_leaves=31
num_cat=2
split_feature=8 2 1 4 8 8 7 7 4 9 3 7 7 8 9 8 4 8 8 9 9 9 5 3 8 8 8 7 9 3
split_gain=21.6061 22.1506 34.0243 17.601 16.6229 18.3095 23.9341 27.3503 22.8319 19.3983 18.866 26.2434 41.0878 14.9691 16.0821 31.0009 24.6919 14.863 14.8451 14.8709 23.9241 37.3749 26.1232 23.9566 15.6571 41.5648 14.2512 26.2847 17.541 20.4796
threshold=77.461525000000009 0 1 5.5000000000000009 77.473412700000011 77.581836200000012 12.979363500000003 12.963600950000002 5.5000000000000009 146.50000000000003 19.500000000000004 12.98931355 13.021236600000002 77.587510250000022 38.500000000000007 77.587073550000014 2.5000000000000004 77.580159950000009 77.491973350000009 9.5000000000000018 26.500000000000004 27.500000000000004 1.5000000000000002 20.500000000000004 77.521538100000015 77.567863250000016 77.612288950000007 13.039757100000001 27.500000000000004 14.500000000000002
decision_type=2 9 1 2 2 2 2 2 2 2 2 2 2 2 2 2 2 2 2 2 2 2 2 2 2 2 2 2 2 2
left_child=-1 3 4 17 -3 6 7 18 10 -10 -8 -12 -13 14 15 16 -7 -2 -6 -20 -21 -22 -23 24 -24 -26 28 -28 -19 -30
right_child=1 2 -4 -5 5 13 8 -9 9 -11 11 12 -14 -15 -16 -17 -18 26 19 20 21 22 23 -25 25 -27 27 -29 29 -31
leaf_value=-0.04577577263436694 -0.063081469969598167 0.059350768886082129 0.045868180490148056 0.035021234965936426 0.055908006732691362 0.020074652028063654 0.032429912999107163 -0.042504562138637042 -0.068813338241820871 0.025242208094902074 -0.066543274415069992 0.049553343825633867 -0.042878711455925513 0.022305479731687134 0.050991359519306584 0.057739712723632791 -0.086190510050540625 0.023492705049802109 0.050099676839169972 -0.070310283465323031 0.093233397945565399 -0.070622143439584992 0.049299042139089609 -0.068220965992615012 -0.067147022000727544 0.038585769786459376 0.00070484280314210036 -0.077451998754629159 0.0062747450942094198 -0.076442174662680107
leaf_weight=11.928554832935331 8.0614500734955055 28.766492910683155 165.42989712953568 54.304823569953442 14.478116668760775 12.416417039930822 217.71245137602091 33.288542192429304 12.397771257907154 9.8273511156439763 11.587990012019871 33.728178665041924 18.682483572512865 632.12448259815574 101.69351264834404 21.303444147109985 9.7663339823484403 127.60596502758563 14.393876772373913 12.081294871866701 10.528467893600462 13.43139868788421 23.125769376754761 9.5872586239129287 15.227021766826509 23.859134683385491 76.223549194633961 12.525129545480011 29.710449818521738 10.002123553305863
leaf_count=58 83 40 138 174 14 28 559 154 99 18 75 73 128 1572 118 22 49 494 29 66 8 80 32 71 94 44 346 115 110 69
internal_value=0.0212899 0.0217435 0.0243611 0.00881936 0.0217719 0.0209079 0.013162 -0.00186194 0.0215653 -0.0272245 0.0254145 0.00154941 0.0166047 0.0256307 0.0401092 0.0146609 -0.0267104 0.00376616 0.00803426 0.00236382 -0.00400767 0.0043573 -0.0066215 0.00535104 0.016689 -0.00260517 0.00587065 -0.0103255 0.0144613 -0.0145586
internal_weight=1775.8 1763.87 1445.44 318.433 1280.01 1251.24 473.937 170.001 303.936 22.2251 281.711 63.9987 52.4107 777.304 145.18 43.4862 22.1828 264.129 136.712 122.234 107.84 95.7591 85.2306 71.7992 62.2119 39.0862 256.067 88.7487 167.319 39.7126
internal_count=4960 4902 3511 1391 3373 3333 1544 592 952 117 835 276 201 1789 217 99 77 1217 438 424 395 329 321 241 170 138 1134 461 673 179
cat_boundaries=0 1 2
cat_threshold=352335 2
is_linear=0
shrinkage=0.05


Tree=34
num_leaves=31
num_cat=2
split_feature=1 2 4 7 7 8 3 5 9 3 8 8 8 3 3 7 3 3 7 8 7 4 8 8 7 8 8 3 7 3
split_gain=32.2158 21.5443 29.591 24.956 33.6802 27.605 15.9296 29.3502 25.4578 18.043 15.9209 15.3426 13.6554 32.5004 50.2921 12.7381 19.2618 34.2795 13.3033 11.3883 27.4246 11.9454 11.6848 15.7537 23.0026 21.5268 17.319 16.0673 34.0867 19.2156
threshold=0 1 5.5000000000000009 13.033564850000003 13.031720950000002 77.507941250000016 9.5000000000000018 1.5000000000000002 23.500000000000004 1.0000000180025095e-35 77.611473650000008 77.529072655000007 77.519080650000021 20.500000000000004 4.5000000000000009 13.102851000000003 18.500000000000004 19.500000000000004 13.097729900000003 77.745049340000023 13.044609350000002 5.5000000000000009 77.70915620000001 77.701029350000013 13.018599145000001 77.700564050000011 77.697799100000012 20.500000000000004 13.037721100000001 8.5000000000000018
decision_type=1 9 2 2 2 2 2 2 2 2 2 2 2 2 2 2 2 2 2 2 2 2 2 2 2 2 2 2 2 2
left_child=1 2 3 4 6 -5 7 -1 -8 -9 11 -4 13 14 -3 18 -17 -18 19 22 21 -21 23 25 -25 26 27 29 -29 -14
right_child=-2 12 10 5 -6 -7 8 9 -10 -11 -12 -13 15 -15 -16 16 17 -19 -20 20 -22 -23 -24 24 -26 -27 -28 28 -30 -31
leaf_value=0.053780682735919405 0.038223170722908588 0.023298364653021906 0.054250425792110507 0.059386992735118799 0.098472162101135963 -0.070670897291487608 -0.052765789989579148 0.044222084751294778 0.069228527152947736 -0.060255752281454217 0.068412746303121857 -0.068855635093024739 0.019048071558930638 0.040169185071750046 -0.059680109773732476 -0.066369917753927213 0.092404762265392446 -0.062963809785039682 0.061705201835500614 -0.069464124660380877 0.072367320222545953 0.01198570618765051 0.040159683174735582 -0.078670373049593956 0.032110647149517932 0.090169666256147737 -0.036850582752722842 0.014053165237371781 -0.079339998637541681 0.034312319279352847
leaf_weight=20.903519321233034 235.82791231572628 38.50131119787693 4.984026391059162 4.8272752650082138 8.1481335386633855 26.354020893573761 28.269828485324979 5.7703777216374901 5.0386298075318328 14.557548349723218 20.425432000309229 5.1421383172273636 537.3849879167974 39.598343033343554 34.733885888010263 10.203099820762874 7.9993057847022992 6.3829753622412682 21.287787720561028 12.820944778621202 7.3312931954860678 6.937228985130786 87.473280537873507 9.5406808555126208 9.2085272818803769 11.446782380342482 12.680071406066416 197.6475615054369 10.278069052845238 334.52462535537779
leaf_count=72 260 105 17 16 15 228 266 20 24 156 37 50 1489 89 195 97 13 53 40 88 5 19 122 50 12 8 49 630 61 665
internal_value=0.0210134 0.0183787 -0.000650143 -0.0124184 0.00195565 -0.0505362 -0.0085948 0.0121802 -0.0343115 -0.0305982 0.0429987 -0.00826371 0.0202072 0.00367558 -0.0160565 0.0218184 -0.0138253 0.0234509 0.0225147 0.0218404 -0.0102218 -0.0408665 0.0225581 0.0211867 -0.0242611 0.0219586 0.0212439 0.0219261 0.0094366 0.0249045
internal_weight=1776.23 1540.4 144.421 113.869 82.688 31.1813 74.5399 41.2314 33.3085 20.3279 30.5516 10.1262 1395.98 112.834 73.2352 1283.15 24.5854 14.3823 1258.56 1237.27 27.0895 19.7582 1210.18 1122.71 18.7492 1103.96 1092.52 1079.84 207.926 871.91
internal_count=4951 4691 901 797 553 244 538 248 290 176 104 67 3790 389 300 3401 163 66 3238 3198 112 107 3086 2964 62 2902 2894 2845 691 2154
cat_boundaries=0 1 2
cat_threshold=2 868419
is_linear=0
shrinkage=0.05


Tree=35
num_leaves=31
num_cat=2
split_feature=0 3 3 8 3 7 8 1 7 8 8 8 8 7 8 7 5 7 7 9 8 3 7 8 7 7 4 3 4 8
split_gain=35.7597 15.444 32.7969 27.615 14.9179 13.5932 20.7065 14.1341 16.4986 21.2842 11.628 34.9201 17.1453 24.8533 13.9002 26.13 32.1188 26.6868 18.353 23.5771 13.7947 33.9143 15.4853 13.5678 14.6729 37.717 22.5995 35.6176 17.6669 23.2963
threshold=0 18.500000000000004 20.500000000000004 77.645502550000018 9.5000000000000018 12.905989700000001 77.64912750000002 1 13.102851000000003 77.717893550000028 77.618306870000012 77.621569600000015 77.611473650000008 13.000829250000002 77.707542750000002 12.934735850000001 6.5000000000000009 12.923597650000001 12.987857300000002 116.50000000000001 77.653159750000015 19.500000000000004 13.032613650000002 77.607268400000009 12.972032150000002 12.975308050000001 4.5000000000000009 5.5000000000000009 3.5000000000000004 77.580159950000009
decision_type=9 2 2 2 2 2 2 1 2 2 2 2 2 2 2 2 2 2 2 2 2 2 2 2 2 2 2 2 2 2
left_child=1 4 3 -3 -1 6 -2 8 10 -10 12 -12 23 -14 15 17 -17 -13 19 -16 22 -22 -18 24 28 -26 -27 -28 29 -7
right_child=5 2 -4 -5 -6 7 -8 -9 9 -11 11 14 13 -15 18 16 20 -19 -20 -21 21 -23 -24 -25 25 26 27 -29 -30 -31
leaf_value=0.032127491043349457 -0.065479453463760523 -0.073002852300649776 0.033297166008457217 0.014817494113170231 0.058502329611584331 -0.0059238578145747395 0.021709215909136357 0.049200627121133392 -0.059839723997811928 0.061641275290276201 -0.068475894416352809 -0.005876886277975708 0.000103614495679324 0.078511997357715385 0.02351306787081275 -0.040454614854689867 0.048536023880505971 0.061833608973253268 0.037730529236989718 -0.072634930476830506 -0.078196400872381736 0.025000704988854445 -0.022781279874445299 -0.036476519454679189 -0.077067932105634243 0.01934307185137029 -0.051810162362839342 0.011339448173525529 0.036287498075957589 0.027920405610351286
leaf_weight=168.65963028371334 13.150584308430554 14.982442066073416 118.00429549813271 22.237753197550774 78.596882790327072 82.624901430681348 14.122840233147143 30.099355019629002 15.057974800467493 4.7408006787300101 14.687268512323497 27.478337232023478 16.266773274168372 26.686965987086296 18.663517452776436 52.342196125537157 30.08046156167984 30.934503462165594 76.915993146598339 9.6845721527934057 12.532272256910799 21.828168392181396 10.189914185553787 11.929249022155998 11.701043613255022 395.05254720151424 30.877550836652517 80.648492477834225 175.48569453880191 132.19863126799464
leaf_count=202 247 51 160 49 48 318 98 24 156 7 124 106 60 29 56 300 72 46 93 53 88 55 49 57 63 1250 210 281 339 271
internal_value=0.0187846 0.031957 0.0203895 -0.0205333 0.0405114 0.0145006 -0.020331 0.015331 0.0145398 -0.0307512 0.0152466 0.0067439 0.0179412 0.0488184 0.0105449 0.00230551 -0.0104266 0.0299815 0.0250558 -0.00933402 0.0106335 -0.0126383 0.0304901 0.0165004 0.0171959 0.0116819 0.0137319 -0.00614441 0.0245178 0.0149033
internal_weight=1748.46 402.481 155.224 37.2202 247.257 1345.98 27.2734 1318.71 1288.61 19.7988 1268.81 305.337 963.472 42.9537 290.65 185.386 126.973 58.4128 105.264 28.3481 74.6308 34.3604 40.2704 920.518 908.589 518.28 506.579 111.526 390.309 214.824
internal_count=4962 510 260 100 250 4452 345 4107 4083 163 3920 1042 2878 89 918 716 564 152 202 109 264 143 121 2789 2732 1804 1741 491 928 589
cat_boundaries=0 1 2
cat_threshold=5892 2
is_linear=0
shrinkage=0.05


Tree=36
num_leaves=31
num_cat=5
split_feature=0 2 3 7 4 5 9 2 0 8 7 3 7 0 8 9 3 9 4 3 7 8 8 8 5 8 7 9 9 9
split_gain=41.7155 40.5871 47.9195 20.4363 20.3419 20.3333 20.088 19.6442 19.2437 38.5237 32.1879 21.4601 18.8432 23.6061 47.8559 30.2603 28.3577 32.0009 18.6707 22.9608 17.2969 16.1274 18.1129 26.2432 36.3485 13.5546 12.8371 11.6309 24.145 20.7542
threshold=0 1 18.500000000000004 12.916880950000001 1.5000000000000002 1.5000000000000002 3.5000000000000004 2 3 77.587510250000022 12.957214050000003 14.500000000000002 13.045979900000001 4 77.596331600000013 18.500000000000004 2.5000000000000004 9.5000000000000018 5.5000000000000009 21.500000000000004 12.840885850000001 77.697799100000012 77.566019350000019 77.539599700000011 11.500000000000002 77.699849750000013 13.007867700000002 221.50000000000003 170.50000000000003 136.50000000000003
decision_type=9 9 2 2 2 2 2 9 9 2 2 2 2 9 2 2 2 2 2 2 2 2 2 2 2 2 2 2 2 2
left_child=1 2 -1 4 5 -2 -4 8 25 10 -10 -12 13 15 -15 16 -9 26 19 -19 -6 22 23 -3 -25 27 -18 28 29 -5
right_child=3 21 6 7 20 -7 -8 12 9 -11 11 -13 -14 14 -16 -17 17 18 -20 -21 -22 -23 -24 24 -26 -27 -28 -29 -30 -31
leaf_value=0.020880137335489532 0.049700085588671269 0.030932419031489897 0.01686387966887495 0.013880806480857081 0.034020124162899575 -0.061540940098478207 -0.087679225624081092 0.04296908631622072 0.06966627868698673 -0.052543730865551357 -0.070958236351606946 0.028366195153513775 0.042754719913519937 0.054768872463068233 -0.065221055975194286 -0.047261256912394016 -0.063898116651793013 -0.027243986193903572 0.061625291833923124 0.059770078335600989 -0.061211859587949946 -0.0053289571932392532 0.041287991332786211 -0.10153538503614322 0.024194725517004568 0.035173838336852191 0.0047139030118693113 0.060381287785456331 -0.027123351508698313 0.041272046385574766
leaf_weight=50.100785844027996 15.140817634761335 86.325321637094021 6.0006421282887485 545.35272864624858 5.8229248076677314 5.6373704299330702 19.615790463984013 28.526115637272596 18.980804048478603 30.054970365017653 10.477226067334415 11.3074689283967 23.190889365971088 37.732158165425062 10.656602079048751 48.778476398438215 30.338588250800967 31.100362621247768 13.558632034808396 10.02521927654743 26.320572938770056 24.873221281915903 367.9106660336256 9.9042097479104996 13.699739523231983 108.95895966887474 8.7930785939097387 14.547657221555708 32.080279566347599 79.197904296219349
leaf_count=91 48 131 14 1583 32 67 110 108 19 204 65 29 34 78 99 401 251 193 29 28 354 66 389 47 24 175 38 12 107 129
internal_value=0.0170708 0.0280088 -0.00668001 0.0112107 -0.0190369 0.0195191 -0.06319 0.0127769 0.0162607 -0.00840844 0.0220683 -0.0194033 -0.000103768 -0.00463644 0.0234893 -0.0131915 -0.000685969 -0.0139599 0.0107429 -0.00603249 -0.0439602 0.0332619 0.0359668 0.0181579 -0.0285616 0.0185783 -0.0484807 0.0161609 0.0151812 0.0173542
internal_weight=1725.01 578.43 75.7172 1146.58 52.9217 20.7782 25.6164 1093.66 850.958 70.8205 40.7655 21.7847 242.7 219.509 48.3888 171.12 122.342 93.8159 54.6842 41.1256 32.1435 502.713 477.84 109.929 23.6039 780.138 39.1317 671.179 656.631 624.551
internal_count=4955 872 215 4083 501 115 124 3582 2323 317 113 94 1259 1225 177 1048 647 539 250 221 386 657 591 202 71 2006 289 1831 1819 1712
cat_boundaries=0 1 2 3 4 5
cat_threshold=5028 41037 179401 9280 8192
is_linear=0
shrinkage=0.05


Tree=37
num_leaves=31
num_cat=2
split_feature=0 7 8 7 4 9 7 8 9 8 8 2 8 4 9 7 7 3 7 4 7 9 8 8 8 8 8 7 7 8
split_gain=42.4637 23.7438 17.6606 15.0763 14.551 18.3689 10.6915 8.62314 12.9654 9.29005 13.2237 7.6189 19.6525 22.1924 19.4946 24.6873 17.4389 24.7897 12.92 12.7505 10.3655 24.2442 21.32 32.469 16.5213 16.4388 28.1832 14.5614 28.4737 12.9075
threshold=0 13.124429500000002 77.697799100000012 13.023740200000001 1.0000000180025095e-35 4.5000000000000009 12.925722600000002 77.612288950000007 104.50000000000001 77.597861900000012 77.558758050000009 1 77.584252800000016 1.0000000180025095e-35 10.500000000000002 12.980579500000003 13.086187200000003 22.500000000000004 12.985113100000001 5.5000000000000009 12.955488100000002 127.50000000000001 77.491973350000009 77.568786400000008 77.529072655000007 77.606339350000027 77.617685900000012 12.918624925000001 12.874989400000002 77.539599700000011
decision_type=9 2 2 2 2 2 2 2 2 2 2 9 2 2 2 2 2 2 2 2 2 2 2 2 2 2 2 2 2 2
left_child=2 11 3 6 -4 -6 -1 9 -9 10 -5 12 14 -14 15 -2 20 -18 -15 -16 21 22 -13 24 -24 -25 -27 28 -28 -22
right_child=1 -3 4 7 5 -7 -8 8 -10 -11 -12 16 13 18 19 -17 17 -19 -20 -21 29 -23 23 25 -26 26 27 -29 -30 -31
leaf_value=0.021755929966231959 -0.068964438476831882 -0.066331468810210542 0.038051066062268699 0.045879311675702007 0.028753985975214141 -0.068863895244781745 0.049316635177234988 -0.033272505660750101 0.027486153919317344 0.051393468403061172 -0.0049015470790113175 0.058921538503245864 -0.062176562125491046 -0.012392315867204398 -0.064267224597597775 0.027993644688564891 -0.060094002000923241 0.068474769046021164 0.030755875610847944 0.013359557025585026 0.0038363405700652109 -0.02619711499457485 -0.0030322087580089366 0.039322295735767426 -0.063345670499005274 -0.080537596792504565 0.041477649985649075 0.024520023848268367 -0.065737260787801774 0.022022635064180868
leaf_weight=43.103328142315149 8.407661557197569 9.1890589874237758 14.034041583538054 23.221581101417542 8.2226574867963809 11.642298288643358 191.62958966568112 15.089070666581391 21.000503495335579 34.277863524854183 28.621301233768463 24.496804807335138 8.3250039219856244 21.485448176041245 23.585372466593984 29.958198081701994 15.784213596954944 4.9172016978263846 90.117894161492586 6.8193273358047 112.60362121090293 42.528158826753497 28.476164933294058 66.067480560392141 18.883618475869298 8.3129001893103105 11.040070891380312 87.33820453286171 14.103606635704635 730.52629574760795
leaf_count=65 58 83 22 22 15 71 159 42 25 26 57 23 75 227 169 109 152 13 272 27 470 269 85 124 157 50 49 245 123 1682
internal_value=0.0181816 0.0136698 0.0327284 0.0368412 -0.000923024 -0.0284571 0.0442557 0.0225998 0.00208293 0.0311976 0.0178443 0.0143138 0.00413654 0.0165747 -0.0169528 0.00674583 0.0157911 -0.0295551 0.0224492 -0.0468567 0.0167494 0.00878839 0.0145393 0.00989745 -0.0270808 0.0192695 0.00830183 0.0148674 -0.0186614 0.0195938
internal_weight=1753.81 1362.97 390.842 356.943 33.899 19.865 234.733 122.21 36.0896 86.1207 51.8429 1353.78 188.699 119.928 68.7706 38.3659 1165.08 20.7014 111.603 30.4047 1144.38 301.247 258.719 234.222 47.3598 186.862 120.795 112.482 25.1437 843.13
internal_count=4966 4462 504 396 108 86 224 172 67 105 79 4379 937 574 363 167 3442 165 499 196 3277 1125 856 833 242 591 467 417 172 2152
cat_boundaries=0 1 2
cat_threshold=37252 2490950
is_linear=0
shrinkage=0.05


Tree=38
num_leaves=31
num_cat=3
split_feature=0 2 7 9 7 7 9 7 5 2 9 9 9 7 3 7 7 4 9 5 3 5 7 7 9 9 7 9 3 3
split_gain=36.991 18.284 41.8665 23.9236 14.3984 15.8314 18.6971 10.4019 8.63239 12.7462 21.9637 14.2897 15.4523 33.018 23.6915 16.3427 30.5241 31.9089 23.0769 22.3767 17.4448 13.9228 39.6906 19.3624 18.1118 23.578 22.7491 16.0098 26.3664 24.1023
threshold=0 1 13.036939500000001 39.500000000000007 13.000085200000003 12.986463750000002 20.500000000000004 13.067516900000003 1.5000000000000002 2 6.5000000000000009 12.500000000000002 17.500000000000004 13.036939500000001 17.500000000000004 13.009077050000002 13.020124450000003 1.5000000000000002 96.500000000000014 6.5000000000000009 20.500000000000004 11.500000000000002 12.930360600000002 12.944045800000001 117.50000000000001 116.50000000000001 12.967562750000001 141.50000000000003 19.500000000000004 15.500000000000002
decision_type=9 9 2 2 2 2 2 2 2 9 2 2 2 2 2 2 2 2 2 2 2 2 2 2 2 2 2 2 2 2
left_child=7 2 3 4 5 -2 -7 -1 -3 10 -10 -11 13 -13 -15 21 18 -18 -17 -19 -20 22 -14 -24 25 26 -25 29 -29 -23
right_child=1 8 -4 -5 -6 6 -8 -9 9 11 -12 12 15 14 -16 16 17 19 20 -21 -22 27 23 24 -26 -27 -28 28 -30 -31
leaf_value=0.032587268001621691 -0.058272793219666913 0.020840597109844552 0.037761396850192384 0.086078871167968793 -0.063874350354694492 0.035766486751622889 -0.060310627164016251 0.0037308460206959371 0.038608888240671518 0.025598363839569666 -0.046792750977372857 -0.069368150287297134 0.040059891854901414 -0.062257048967343347 0.044672857820232587 0.080980576122554826 0.036509727925248842 0.014094597485554448 0.0011722562614116261 -0.04892145299801072 0.057179574264547041 0.03798276165448073 -0.076865655102801217 0.0090931820014569457 -0.044145007048975365 0.066144161526964868 -0.03832182426344146 -0.041469403394772564 0.028956494082313013 -0.0065441159197404666
leaf_weight=394.45655684173107 14.630036912858484 349.72164503857493 33.848909638822079 4.2009796351194373 28.552409682422876 17.219796404242519 7.1731569916009894 33.914925679564476 10.941579945385454 173.21421934850514 24.135614292696118 18.838186491280794 42.045416779816151 6.9962680377066162 19.954186897724867 30.070616986602545 45.276332652196288 26.199898269027472 30.518634155392647 30.472149817273021 25.537133365869522 98.008534470573068 11.538488604128359 69.143605433404446 30.433571897447109 11.801916331052778 39.8925846144557 27.933907486498356 25.351345535367727 44.05174201913178
leaf_count=494 175 997 63 5 205 66 59 62 70 603 223 125 104 65 49 33 120 104 58 233 21 177 58 171 111 10 151 135 76 134
internal_value=0.0168587 0.0123259 -0.00737925 -0.0296951 -0.0368925 -0.0171504 0.0075134 0.0296114 0.0141187 0.0114956 -0.0156826 0.0127133 0.00939388 -0.0185838 0.0169141 0.0115715 0.0237282 0.00521403 0.0456436 -0.0197887 0.0266873 0.0058585 -0.00324845 -0.0144327 -0.00967057 -0.000988044 -0.00825433 0.0154088 -0.00796311 0.0241753
internal_weight=1726.07 1297.7 105.625 71.7764 67.5754 39.023 24.393 428.371 1192.08 842.356 35.0772 807.279 634.065 45.7886 26.9505 588.276 188.075 101.948 86.1264 56.672 56.0558 400.201 204.856 162.81 151.272 120.838 109.036 195.346 53.2853 142.06
internal_count=4957 4401 573 510 505 300 125 556 3828 2831 293 2538 1935 239 114 1696 569 457 112 337 79 1127 605 501 443 332 322 522 211 311
cat_boundaries=0 1 2 3
cat_threshold=6020 401412 194
is_linear=0
shrinkage=0.05


Tree=39
num_leaves=31
num_cat=2
split_feature=0 8 9 7 7 4 5 4 8 8 8 5 7 4 9 7 7 7 0 7 8 8 9 9 8 9 9 9 9 9
split_gain=37.5662 21.7647 21.5239 17.4065 15.9934 10.3924 8.40637 8.24345 9.80943 6.07121 11.6771 15.8947 11.341 10.3444 8.79839 10.5724 7.01066 25.8726 34.1358 19.4892 19.382 15.4471 14.8342 31.0245 13.7595 21.1103 24.6284 21.1188 15.2705 20.4717
threshold=0 77.697799100000012 7.5000000000000009 12.905989700000001 13.042103600000003 1.0000000180025095e-35 1.5000000000000002 1.5000000000000002 77.64912750000002 77.70915620000001 77.723700325000024 1.5000000000000002 12.987857300000002 1.5000000000000002 1.5000000000000002 13.036023950000002 12.987064950000002 13.007867700000002 1 12.983796975000002 77.491973350000009 77.574063850000016 128.50000000000003 125.50000000000001 77.583238250000008 168.50000000000003 133.50000000000003 125.50000000000001 181.50000000000003 123.50000000000001
decision_type=9 2 2 2 2 2 2 2 2 2 2 2 2 2 2 2 2 2 9 2 2 2 2 2 2 2 2 2 2 2
left_child=1 4 -3 7 -1 -6 -7 8 -2 14 13 -12 -13 -11 15 -5 19 18 -18 20 -16 -21 23 -20 28 26 27 -26 29 -22
right_child=3 2 -4 9 5 6 -8 -9 -10 10 11 12 -14 -15 16 -17 17 -19 22 21 24 -23 -24 -25 25 -27 -28 -29 -30 -31
leaf_value=0.040702812786133566 -0.056617227044896717 0.018940812635544507 -0.074833011107319589 -0.068241355349632229 0.043986042622471112 0.025971265776264948 -0.016123799816288059 -0.055786301728889924 0.050276882417358386 0.057397003961369979 0.037702029082500116 -0.067085707816607457 0.0051082310483082857 0.016859583526839979 0.053751396813002221 0.026349529258104989 0.02788249516823987 0.01339118644696026 -0.041227446376124424 -0.0012628539768046176 0.004527628855458034 0.057635155520913244 -0.085626323579699237 0.059218510255260183 0.016435134638595108 -0.045186578518466997 0.052063699440475703 -0.046899627116946584 0.052862945698626589 -0.038775773862044373
leaf_weight=261.74139825999737 3.6541133932769316 19.44161514937878 8.929912902414797 7.3339699376374465 20.021818920969963 20.175751715898514 28.775070369243622 13.640246625989674 5.2010480798780918 32.996641732752323 18.878686718642712 9.2279518693685549 13.251806929707525 30.087424479424953 28.044963404536247 4.9463815949857235 27.050417922437191 412.38892513886094 48.488289806991816 14.817890569567679 158.00863868929446 44.757821578532457 12.380975201725958 9.1357951015233976 338.18898426741362 13.421528272330759 48.247723989188671 13.69511719048023 13.094414226710795 32.991620428860188
leaf_count=233 59 49 49 60 18 26 60 267 20 27 32 57 31 53 24 17 43 1490 338 47 572 78 54 13 903 47 67 53 16 130
internal_value=0.0162489 0.0306008 -0.0105744 0.012127 0.0350584 0.0136388 0.00122626 -0.031399 0.00616665 0.0129535 0.0245261 0.00387815 -0.0245274 0.038063 0.0119684 -0.0301413 0.0123941 0.00792482 -0.0153018 0.0156225 0.0130978 0.0429858 -0.0314752 -0.0253026 0.0112519 0.0164945 0.0185635 0.0139702 0.000628817 -0.0029522
internal_weight=1713.02 359.086 28.3715 1353.93 330.714 68.9726 48.9508 22.4954 8.85516 1331.44 104.443 41.3584 22.4798 63.0841 1226.99 12.2804 1214.71 509.444 97.0555 705.269 645.693 59.5757 70.0051 57.6241 617.648 413.553 400.132 351.884 204.095 191
internal_count=4933 435 98 4498 337 104 86 346 79 4152 200 120 88 80 3952 77 3875 1938 448 1937 1812 125 405 351 1788 1070 1023 956 718 702
cat_boundaries=0 1 2
cat_threshold=4996 32
is_linear=0
shrinkage=0.05


Tree=40
num_leaves=31
num_cat=3
split_feature=0 7 9 8 7 3 1 9 4 9 8 2 3 3 5 8 5 8 9 7 9 7 9 9 4 8 7 4 9 4
split_gain=34.7905 27.0831 27.7861 26.7471 11.5139 19.9882 11.5628 10.8746 11.753 11.0647 23.3615 20.3538 30.0168 27.7542 13.6676 16.7016 13.062 14.4259 11.7818 22.643 20.1872 37.6687 27.5612 20.7367 33.8541 12.0079 20.7519 11.7202 21.5008 29.1778
threshold=0 13.058740700000001 21.500000000000004 77.665272500000015 12.905989700000001 4.5000000000000009 1 1.5000000000000002 4.5000000000000009 6.5000000000000009 77.646031500000007 2 10.500000000000002 20.500000000000004 11.500000000000002 77.551331700000006 1.5000000000000002 77.627901650000013 12.500000000000002 12.958296950000003 23.500000000000004 12.962489350000002 24.500000000000004 18.500000000000004 1.5000000000000002 77.611473650000008 12.985941900000002 3.5000000000000004 133.50000000000003 1.5000000000000002
decision_type=9 2 2 2 2 2 1 2 2 2 2 9 2 2 2 2 2 2 2 2 2 2 2 2 2 2 2 2 2 2
left_child=1 3 -3 -1 5 -2 7 8 -6 10 14 12 -11 -14 16 -16 17 -9 19 -13 21 -20 -22 -23 -25 26 -21 28 29 -24
right_child=4 2 -4 -5 6 -7 -8 9 -10 11 -12 18 13 -15 15 -17 -18 -19 20 25 22 23 27 24 -26 -27 -28 -29 -30 -31
leaf_value=0.039140770416118312 0.024446614345805098 0.027096458564797532 -0.071226056966693208 -0.0046141371240148174 -0.07193735780398601 -0.062173730519107212 0.044427148738076176 -0.02816814976565947 0.025810743332182452 -0.053666389569772793 -0.031210630506209952 0.04949226328612763 0.030090866380720588 -0.070087833355888293 0.038828571507275617 -0.064448087110498528 0.053912054620893927 0.05576192494550395 -0.077095580872888356 0.017255468751854703 0.05601399640298025 0.018357815150912241 0.013507430798139049 0.024717921151101028 -0.06364575109318886 0.028621611801545127 -0.064889615143219864 0.018532129727002227 0.023671699966906087 -0.016455591765633593
leaf_weight=296.7207613773644 12.721967790275814 16.299173291772608 12.85101207718253 39.586969286203384 7.9243134483695012 13.976984716951845 27.367554128170013 11.725152788683774 5.0254303738474846 30.551901711151004 15.19497215375304 58.342753421515226 35.788986086845398 8.5692452546209079 8.7241126634180528 7.101015953347086 65.950007354840636 9.0879362598061544 16.921900365501642 19.533282876014709 36.379491873085499 76.221816942095757 173.13929242640734 19.360339257866144 24.627846442162991 30.70625096000731 12.678846832364796 339.52386440895498 127.34749111533165 153.09102528914809
leaf_count=307 90 24 49 121 63 269 24 53 17 226 95 135 85 72 19 64 153 14 101 62 51 297 464 77 258 133 105 786 247 518
internal_value=0.0155285 0.0291845 -0.0162495 0.0339904 0.011523 -0.0208994 0.0122656 0.0115851 -0.0340041 0.0120461 0.0266493 0.0105669 -0.0137002 0.0107381 0.0352193 -0.0075135 0.0430135 0.00847952 0.0122512 0.0270549 0.0105209 -0.00725031 0.0134588 0.00258178 -0.0247546 0.00624925 -0.0150772 0.0115068 0.00624809 -0.000553402
internal_weight=1713.04 365.458 29.1502 336.308 1347.58 26.699 1320.88 1293.52 12.9497 1280.57 117.783 1162.78 74.9101 44.3582 102.588 15.8251 86.7631 20.8131 1087.87 121.261 966.613 137.132 829.481 120.21 43.9882 62.9184 32.2121 793.102 453.578 326.23
internal_count=4979 501 73 428 4478 359 4119 4095 80 4015 398 3617 383 157 303 83 220 67 3234 435 2799 733 2066 632 335 300 167 2015 1229 982
cat_boundaries=0 1 2 3
cat_threshold=37636 2 2392192
is_linear=0
shrinkage=0.05


Tree=41
num_leaves=31
num_cat=3
split_feature=0 8 7 9 7 9 3 3 0 3 2 7 9 5 9 8 8 3 3 8 8 6 5 8 8 9 8 8 9 9
split_gain=25.4934 11.7989 18.3206 10.8847 10.9587 10.3032 9.98917 22.5865 28.9342 16.221 14.157 22.9089 19.6982 13.764 23.8012 20.1281 37.8233 22.8092 16.4096 12.6915 34.0725 12.7894 9.80127 9.95246 9.78552 19.6424 15.0016 11.7455 12.305 40.4576
threshold=0 77.681312700000021 13.023740200000001 1.5000000000000002 13.036023950000002 7.5000000000000009 11.500000000000002 17.500000000000004 1 22.500000000000004 2 12.948622450000002 6.5000000000000009 1.5000000000000002 24.500000000000004 77.584970150000018 77.587073550000014 10.500000000000002 5.5000000000000009 77.566019350000019 77.552675050000019 1.0000000180025095e-35 1.5000000000000002 77.590113100000011 77.712048500000009 153.50000000000003 77.750758350000027 77.707542750000002 88.500000000000014 107.50000000000001
decision_type=9 2 2 2 2 2 2 2 9 2 9 2 2 2 2 2 2 2 2 2 2 2 2 2 2 2 2 2 2 2
left_child=1 2 -1 4 -2 -3 10 -8 9 -9 11 -5 -13 14 -14 17 -17 -15 -18 20 21 -10 -4 -24 27 26 -26 28 -12 -30
right_child=3 5 22 6 -6 -7 7 8 19 -11 24 12 13 15 -16 16 18 -19 -20 -21 -22 -23 23 -25 25 -27 -28 -29 29 -31
leaf_value=0.044019159655515311 -0.068036223456101733 0.021127859611454577 0.036712184503406069 -0.068065292798905094 0.027121477899638365 -0.042270244791905082 0.050983023411830211 -0.064919443522478359 0.020443013800324792 0.0060756977535972711 0.019792540774963247 0.047925260026549552 0.035097083722612166 -0.063086285259553385 -0.064598723682716255 0.078628590002468537 -0.065252664620817344 0.061187003711101057 0.010941584573644185 0.021718917570098317 -0.066368650137421645 -0.024259527388560621 0.027853100576674297 -0.01201233831680236 -0.079859294357300714 0.042869829365348652 0.015910346151122717 0.042058163161429303 -0.074189617066751298 0.0092480362982896146
leaf_weight=157.21636435389519 8.2451828178018314 18.65717397630215 38.822463378310204 13.264789562672375 4.7794400826096526 9.7615064755082113 46.349158579483628 18.808197450824082 98.433570025488734 14.060173094272612 260.00968172773719 19.036926928907633 32.488600701093674 30.082677457481623 7.3390102982521048 12.008877240121363 14.183803202584388 4.2088671475648871 14.081808151677249 437.04762177169323 15.203474126756189 19.105834247544408 27.167007029056549 36.948839172720909 11.925836592912679 9.1363162118941528 6.2226253077387801 34.390563424676657 15.356938809156416 269.26161023974419
leaf_count=127 72 45 39 120 16 44 81 206 319 76 781 47 116 258 56 16 134 5 64 1110 117 88 32 72 68 26 18 34 93 679
internal_value=0.0153546 0.0289383 0.0332826 0.012293 -0.0331177 -0.000648697 0.0128026 0.0173486 0.0147618 -0.0264902 0.00888436 -0.00505341 0.000832082 -0.00700497 0.0167262 -0.0196804 0.00429025 -0.0478333 -0.027293 0.0173027 0.0040661 0.0131767 0.0168849 0.00487935 0.0121397 -0.016922 -0.0470224 0.0137188 0.0119294 0.00474606
internal_weight=1703.6 288.573 260.155 1415.03 13.0246 28.4187 1402.01 649.008 602.659 32.8684 752.999 146.695 133.431 114.394 39.8276 74.566 40.2745 34.2915 28.2656 569.791 132.743 117.539 102.938 64.1158 606.304 27.2848 18.1485 579.019 544.628 284.619
internal_count=4959 359 270 4600 88 89 4512 1997 1916 282 2515 816 696 649 172 477 214 263 198 1634 524 407 143 104 1699 112 86 1587 1553 772
cat_boundaries=0 1 2 3
cat_threshold=4356 65 819340
is_linear=0
shrinkage=0.05


Tree=42
num_leaves=31
num_cat=4
split_feature=0 7 9 3 7 3 9 5 1 9 2 3 9 3 9 4 9 9 3 9 7 7 3 9 5 3 2 9 4 7
split_gain=19.9221 23.9482 23.2044 9.77946 16.471 11.2988 9.90281 8.71691 8.1586 12.0317 7.97313 12.5379 26.9168 34.8263 30.6011 22.4075 14.4938 12.3523 15.4457 29.5801 14.6897 24.0831 10.2638 15.0873 13.8918 20.4249 15.093 19.1608 13.7106 30.1804
threshold=0 13.042103600000003 104.50000000000001 18.500000000000004 12.948622450000002 9.5000000000000018 35.500000000000007 6.5000000000000009 1 114.50000000000001 2 20.500000000000004 116.50000000000001 21.500000000000004 96.500000000000014 4.5000000000000009 118.50000000000001 40.500000000000007 4.5000000000000009 31.500000000000004 12.965766900000002 12.983143850000003 10.500000000000002 8.5000000000000018 1.5000000000000002 6.5000000000000009 3 17.500000000000004 5.5000000000000009 12.948622450000002
decision_type=9 2 2 2 2 2 2 2 1 2 9 2 2 2 2 2 2 2 2 2 2 2 2 2 2 2 9 2 2 2
left_child=1 3 -3 5 -5 8 7 -6 9 -1 17 22 13 -13 15 -15 -14 18 19 20 -2 -22 24 -24 -12 26 28 -28 29 -26
right_child=10 2 -4 4 6 -7 -8 -9 -10 -11 11 12 16 14 -16 -17 -18 -19 -20 -21 21 -23 23 -25 25 -27 27 -29 -30 -31
leaf_value=-0.017009801800578588 0.0330553189796359 -0.038276261921953214 0.023718942411254735 -0.025215070237626532 0.031014108961318718 0.058988778362128763 0.046309219011494339 -0.012958008373806141 0.041015653452494055 0.038115491775226766 0.020206775495679286 -0.068510277335110961 0.055659309405083623 0.025991055320918405 -0.076060626789482277 -0.068674532121306739 0.0072506748761974986 -0.029508897697758687 0.027123750947886677 -0.077123494321879718 -0.077639483638273166 0.031146923902742187 -0.020605253415228206 0.023818117639814226 -0.036410658249981541 -0.022117839472090339 -0.041260599867619284 0.011231830335635275 0.039037589436545075 0.01775760136861557
leaf_weight=18.063115902245045 37.161737862974405 25.261370152235031 37.499555006623268 16.28658501803875 28.060452096164227 55.120275005698204 44.348253235220909 18.836318805813789 77.435179844498634 21.898817598819733 173.09205505438149 27.406602767296135 18.406734228134155 48.331772685982287 11.439922649413345 7.179560460150241 96.663199192844331 12.353257622569798 253.25375312194228 10.445103004574774 9.555557847023012 10.880258142948149 20.69279292691499 250.34788605198264 30.78597111441195 66.210804384201765 32.02906328253448 38.021058036014438 47.029023472219706 156.0926795322448
leaf_count=38 112 65 47 38 49 29 34 51 68 24 506 224 21 208 69 58 322 57 579 53 47 21 126 623 206 293 287 199 95 399
internal_value=0.0150418 0.0259255 -0.00123422 0.0329379 0.0211031 0.0403146 0.0293706 0.0133525 0.0315467 0.0131984 0.0120136 0.00957958 -0.00123786 -0.0210329 -0.00159798 0.0137475 0.0149942 0.0189859 0.0214413 0.000291409 0.0143303 -0.0197204 0.0124793 0.0204266 0.00851432 0.00304689 0.00852849 -0.0111742 0.0142955 0.00883404
internal_weight=1700.19 342.81 62.7609 280.049 107.532 172.517 91.245 46.8968 117.397 39.9619 1357.38 1023.73 209.428 94.3579 66.9513 55.5113 115.07 333.65 321.296 68.0427 57.5976 20.4358 814.301 271.041 543.261 370.169 303.958 70.0501 233.908 186.879
internal_count=4948 443 112 331 172 159 134 100 130 62 4505 3636 902 559 335 266 343 869 812 233 180 68 2734 749 1985 1479 1186 486 700 605
cat_boundaries=0 1 2 3 4
cat_threshold=4996 2 3147168 350209
is_linear=0
shrinkage=0.05


Tree=43
num_leaves=31
num_cat=4
split_feature=0 8 4 9 5 2 2 8 9 3 9 0 8 8 8 9 8 8 8 4 9 9 8 8 8 8 8 4 9 8
split_gain=23.6553 11.4558 15.4558 20.1466 10.1553 29.2672 27.716 26.1444 24.6788 22.5485 20.8155 17.2635 32.6632 21.9733 18.3433 18.7993 17.3419 20.1956 18.9204 21.8681 16.328 22.9728 14.3818 20.3733 15.8655 14.2115 19.3452 13.4892 32.2135 18.8393
threshold=0 77.697799100000012 1.0000000180025095e-35 3.5000000000000004 6.5000000000000009 1 2 77.734106150000017 23.500000000000004 22.500000000000004 34.500000000000007 3 77.64912750000002 77.638382950000008 77.612288950000007 218.50000000000003 77.627901650000013 77.594493900000018 77.586021050000014 3.5000000000000004 137.50000000000003 36.500000000000007 77.661686200000005 77.549888505000013 77.536484000000016 77.656037400000017 77.694105300000018 3.5000000000000004 36.500000000000007 77.57196685000001
decision_type=9 2 2 2 2 9 9 2 2 2 2 9 2 2 2 2 2 2 2 2 2 2 2 2 2 2 2 2 2 2
left_child=1 -1 -3 -4 6 8 9 11 -6 22 -10 16 13 14 15 27 17 18 19 20 21 -7 23 24 -2 -18 -27 28 -13 -29
right_child=4 2 3 -5 5 7 -8 -9 10 -11 -12 12 -14 -15 -16 -17 25 -19 -20 -21 -22 -23 -24 -25 -26 26 -28 29 -30 -31
leaf_value=0.028899022683231485 -0.060895820475319579 0.039185285123948227 0.037512475887043269 -0.068776393189923693 -0.060812453448269965 0.0025539786026910066 0.017566978714191741 -0.071362672041900707 0.018860369798749832 0.053508086481158748 -0.069058339079724196 0.0056577593325245288 -0.08419302184811997 0.053366902952659827 -0.073039115920006809 0.064031569843713373 0.05787910396557816 -0.02101199222398599 0.038063356580737756 0.024605476577134362 0.025097616348421815 -0.05738404513188522 0.011792249462400539 -0.065597534165945853 0.039584100638709485 -0.030334903926767028 0.034149953297490092 -0.032688546752517193 -0.089503834769058363 0.036347472680427359
leaf_weight=314.94257780537009 6.1817333027720478 13.372709378600119 6.9481354057788876 12.441119275987147 29.736697370186448 37.088625237345695 652.55515663139522 9.7535686325281841 30.668562307953835 10.247734997421501 8.6258439719676954 24.351076095364988 11.847750900313256 18.236547783017159 9.334587160497902 10.341557011008261 38.997808415442705 43.810314671136439 68.970379449427128 90.111038524657488 23.811594331637025 28.096977535635233 17.932419314980507 30.011287720873952 10.778469108045099 14.896644935011862 53.045141329988837 15.376031278632579 14.009429164230822 27.658202258870006
leaf_count=395 60 20 10 78 315 131 1781 71 110 27 63 73 74 18 84 8 78 246 107 239 49 143 56 282 26 95 89 67 75 80
internal_value=0.0136272 0.0252458 -0.00216715 -0.0306878 0.0103382 0.0056503 0.014402 0.00957794 -0.0231001 -0.0136069 -0.000439402 0.0112483 -0.00465667 0.00285133 -0.00626336 0.000531378 0.0161894 0.0102846 0.0158115 0.0072428 -0.0103372 -0.0232811 -0.0263002 -0.0408429 0.00296071 0.0338206 0.0200113 -0.0075366 -0.0290957 0.0116811
internal_weight=1684.18 347.705 32.762 19.3893 1336.48 608.768 727.707 539.737 69.0311 75.1516 39.2944 529.984 131.155 119.307 101.071 91.7363 398.829 291.889 248.079 179.108 88.9972 65.1856 64.9039 46.9715 16.9602 106.94 67.9418 81.3947 38.3605 43.0342
internal_count=4950 503 108 88 4447 2215 2232 1727 488 451 173 1656 479 405 387 303 1177 915 669 562 323 274 424 368 86 262 184 295 148 147
cat_boundaries=0 1 2 3 4
cat_threshold=37252 590212 2380296 8194
is_linear=0
shrinkage=0.05


Tree=44
num_leaves=31
num_cat=3
split_feature=0 3 3 9 3 5 5 3 8 2 4 4 3 9 9 9 9 5 9 4 9 5 9 3 3 8 2 4 8 4
split_gain=21.7109 11.6104 33.1028 16.5922 13.8175 23.981 12.4834 24.3765 9.88431 9.12513 28.7396 14.2149 16.406 12.9745 38.3275 20.0643 27.8438 16.7076 16.3726 15.3019 13.6171 12.5894 22.3988 14.9978 12.5739 34.0116 20.2366 17.0859 12.1658 21.03
threshold=0 18.500000000000004 20.500000000000004 107.50000000000001 9.5000000000000018 11.500000000000002 1.5000000000000002 3.5000000000000004 77.496419450000005 1 5.5000000000000009 5.5000000000000009 20.500000000000004 114.50000000000001 96.500000000000014 38.500000000000007 36.500000000000007 6.5000000000000009 118.50000000000001 1.0000000180025095e-35 2.5000000000000004 11.500000000000002 3.5000000000000004 1.0000000180025095e-35 4.5000000000000009 77.640930200000014 2 1.5000000000000002 77.707542750000002 1.5000000000000002
decision_type=9 2 2 2 2 2 2 2 2 9 2 2 2 2 2 2 2 2 2 2 2 2 2 2 2 2 9 2 2 2
left_child=1 4 3 -3 5 6 -1 -8 -2 10 21 13 -13 14 15 16 20 19 -15 -16 -11 -10 -23 -24 25 -22 27 -26 29 -20
right_child=8 2 -4 -5 -6 -7 7 -9 9 11 -12 12 -14 18 17 -17 -18 -19 28 -21 24 22 23 -25 26 -27 -28 -29 -30 -31
leaf_value=0.022219433747606689 0.028632074065848764 -0.078767557937620289 0.028391747602756253 0.00064768276664123445 0.052798933566134257 0.044455516934388928 0.022186946409068646 -0.072360147861686749 0.029603250506221257 -0.06395652310651527 -0.066227121734731928 0.02659190723909249 -0.024822889656114552 0.037308802681527788 0.00034590440991769632 0.030296693580441666 -0.076455951210164186 -0.004329606264100244 -0.01968955999995449 -0.077025270939050261 -0.031545536238866141 0.053873721909601803 0.05142772323416217 -0.042832027943706691 0.0070176882783772963 0.038639407333479994 0.013709689500626907 -0.066140650732812875 0.027056079368792993 0.011890514889657575
leaf_weight=32.657391577959061 74.080626724287868 11.932361193001272 91.435955367982388 14.654935404658316 65.024858579039574 69.940052911639214 14.078964680433275 13.217568203806875 172.28281369432807 7.445581601932644 9.2786885760724527 148.88392502628267 17.320586454123259 55.898877169936895 8.3158792220056039 67.140912570059299 11.343749159947036 22.725991010665894 72.591640166938305 27.599022289738059 63.239649638533592 12.775840390473602 5.1508403941988972 23.352431587874889 15.086559809744356 23.742029022425413 262.89879020303488 16.944633888080716 67.246343798935413 192.5521112382412
leaf_count=42 166 51 125 27 43 59 19 44 491 74 84 372 63 87 28 145 60 71 271 167 377 25 16 200 85 73 906 170 131 513
internal_value=0.0137576 0.0256692 0.0141128 -0.0349938 0.0339836 0.0245646 0.00136059 -0.0235948 0.0107877 0.00985659 0.0190627 0.00771109 0.0212338 0.00533844 0.000224637 0.00500085 0.000762314 -0.0378804 0.0122723 -0.0591104 0.00301203 0.0236609 -0.0011399 -0.0257983 0.00431762 -0.0123882 0.00924457 -0.0241453 0.00806182 0.00324445
internal_weight=1690.84 312.942 118.023 26.5873 194.919 129.894 59.9539 27.2965 1377.9 1303.82 222.841 1080.98 166.205 914.772 526.483 467.842 400.701 58.6409 388.289 35.9149 389.357 213.562 41.2791 28.5033 381.912 86.9817 294.93 32.0312 332.39 265.144
internal_count=4985 410 203 78 207 164 105 63 4575 4409 816 3593 435 3158 2156 1890 1745 266 1002 195 1685 732 241 216 1611 450 1161 255 915 784
cat_boundaries=0 1 2 3
cat_threshold=4484 1737120 330240
is_linear=0
shrinkage=0.05


Tree=45
num_leaves=31
num_cat=3
split_feature=2 0 3 5 5 3 4 3 7 7 4 7 0 5 5 4 3 9 9 8 8 8 8 7 4 7 8 9 5 8
split_gain=25.6727 27.986 19.2268 19.6488 29.4271 19.0605 19.108 18.4536 15.7309 22.1941 19.8537 12.0521 12.0322 21.5063 28.7517 17.8345 13.0348 19.0909 16.3678 12.003 16.8266 11.2701 20.5115 22.3877 10.9282 14.8244 14.665 10.0859 14.8422 11.5781
threshold=0 1 19.500000000000004 11.500000000000002 1.5000000000000002 10.500000000000002 1.0000000180025095e-35 6.5000000000000009 13.016773350000001 13.012931075000003 1.0000000180025095e-35 13.024868500000002 2 1.5000000000000002 6.5000000000000009 3.5000000000000004 1.0000000180025095e-35 124.50000000000001 4.5000000000000009 77.638382950000008 77.592779850000014 77.572365750000017 77.594799650000013 13.023740200000001 1.0000000180025095e-35 13.042103600000003 77.597060800000023 24.500000000000004 11.500000000000002 77.528017250000019
decision_type=9 9 2 2 2 2 2 2 2 2 2 2 9 2 2 2 2 2 2 2 2 2 2 2 2 2 2 2 2 2
left_child=2 24 5 4 -4 6 -1 19 9 10 -6 -9 16 15 -15 -14 17 18 -3 20 27 -16 -23 -24 -2 -26 -27 29 -29 -8
right_child=1 12 3 -5 8 -7 7 11 -10 -11 -12 -13 13 14 21 -17 -18 -19 -20 -21 -22 22 23 -25 25 26 -28 28 -30 -31
leaf_value=-0.071966580849201225 0.049637303442538402 0.026580412944283233 -0.072655673296894319 -0.07629345438937063 0.047143761210724285 0.02915438008968689 -0.025645138805141351 -0.070328455301198842 -0.037207283918447263 0.10205838892481958 -0.039836428400207097 0.0070144684224696194 -0.071919639940369415 0.038736796964400348 -0.071299296745750099 0.001237851382381435 0.0148391948551592 0.023049798349404359 -0.072692373506360972 0.048354847355209875 -0.048601001839336168 0.036101174381703509 -0.06572125014063511 0.026057451587884986 0.032667714826402475 -0.03662609018529122 0.021078490980405984 -0.068632310586339895 0.021315051336806466 0.03135702548338206
leaf_weight=9.5617638789117319 60.179346159100533 5.6400393098592785 14.669583857059477 14.035024414770303 13.498969422653319 64.161223820410669 10.844171805307267 13.362180031836035 13.514250677078961 7.5668346583843222 12.763843838125466 8.0842003114521486 17.738650843501091 44.270875340327621 7.7732213661074629 15.707626191899179 947.60705749318004 18.320754995569587 15.738679343834518 16.855047330260277 13.732039559632538 17.692005745135248 18.269364431500438 10.442471208050845 165.72144211083651 16.732100419700146 32.197529532015324 8.6730034798383713 9.7331618033349514 49.900749007239938
leaf_count=73 50 12 134 159 27 159 100 106 78 7 105 37 130 116 60 43 2438 31 99 47 119 33 211 33 192 47 46 64 33 175
internal_value=0.0126435 0.0153637 -0.00135192 -0.0228703 -0.0107795 0.00656835 -0.00372782 0.00124596 0.00839299 0.0266094 0.004871 -0.0411741 0.011605 -0.00271686 0.00884536 -0.0375621 0.0135263 -0.0144052 -0.0465027 0.0095362 0.00249198 -0.0155805 -0.00624688 -0.0323414 0.0297255 0.0255279 0.00134569 0.0113562 -0.0210682 0.021181
internal_weight=1674.99 1394.03 280.956 76.0485 62.0135 204.908 140.746 131.185 47.3439 33.8296 26.2628 21.4464 1119.2 131.894 98.4479 33.4463 987.307 39.6995 21.3787 109.738 92.8831 54.1771 46.4038 28.7118 274.83 214.651 48.9296 79.1511 18.4062 60.7449
internal_count=4964 3541 1423 510 351 913 754 681 217 139 132 143 3206 626 453 173 2580 142 111 538 491 337 277 244 335 285 93 372 97 275
cat_boundaries=0 1 2 3
cat_threshold=860743 36996 8992
is_linear=0
shrinkage=0.05


Tree=46
num_leaves=31
num_cat=5
split_feature=0 7 8 9 8 8 9 0 3 3 7 5 9 7 3 5 3 7 9 9 9 0 7 2 7 8 0 3 9 5
split_gain=21.4977 21.5912 20.1899 19.3488 17.9421 13.8374 12.0417 11.1475 14.7621 31.1863 10.6095 10.4869 10.2881 8.23378 15.7353 18.5705 12.7649 26.3307 21.5532 10.7812 12.3944 10.0617 24.7664 12.0758 18.8823 18.2453 16.0887 18.22 24.3555 22.0389
threshold=0 13.060627000000002 77.697799100000012 7.5000000000000009 77.461525000000009 77.473412700000011 20.500000000000004 1 10.500000000000002 8.5000000000000018 13.039320250000001 1.5000000000000002 138.50000000000003 13.060627000000002 19.500000000000004 1.5000000000000002 18.500000000000004 13.086187200000003 4.5000000000000009 221.50000000000003 194.50000000000003 2 12.983143850000003 3 13.043412250000001 77.600902000000005 4 18.500000000000004 39.500000000000007 1.5000000000000002
decision_type=9 2 2 2 2 2 2 9 2 2 2 2 2 2 2 2 2 2 2 2 2 9 2 9 2 2 9 2 2 2
left_child=1 2 6 -4 -2 -6 10 8 9 12 -1 -3 -7 19 16 -16 17 -15 -19 20 21 22 -9 26 -25 -26 27 28 -23 -29
right_child=4 11 3 -5 5 7 -8 13 -10 -11 -12 -13 -14 14 15 -17 -18 18 -20 -21 -22 23 -24 24 25 -27 -28 29 -30 -31
leaf_value=0.027686542442225417 -0.065743316807370708 0.014259097266377597 0.016100671771768712 -0.074465557085021603 0.044217057212989491 -0.065074226053389167 0.039835424002919437 -0.062142365100904075 -0.062573774543408942 0.083280355918039894 -0.0094573083113852433 -0.04773339944538376 0.017262270615253979 0.047500008180213174 0.049231668459596895 -0.066297500838077436 0.068535745576099122 0.07745687123668199 -0.063249897380787776 0.051971686101530905 -0.043382336004985284 -0.042453478362446478 0.020931195545711798 0.012543227566925025 -0.062908334266226412 0.029706949287011272 0.018091388064134524 -0.064183941263552688 0.081829753855355611 0.020935288835368202
leaf_weight=74.098313253372908 8.0215875059366208 12.880063034594059 17.937475383281711 8.7860562875866872 27.718736927956343 10.85597612895072 173.25781866908073 17.550142750144005 13.270916294306515 8.0983274951577169 25.960060436278582 14.503948114812374 5.8321241401135913 31.018609199672937 5.6383171156048766 9.080139556899665 19.971672106534243 3.5010216236114493 12.224505811929701 13.973765192553399 11.713777417317031 55.810790603980422 18.354920482262969 929.94160435721278 16.107836924493316 7.9384620636701575 49.945504434406757 9.169912360608576 4.2415354400873175 44.548542238771915
leaf_count=107 52 25 47 53 41 90 161 250 129 13 51 42 25 60 26 68 27 3 121 14 57 444 61 2474 136 12 125 72 5 177
internal_value=0.0117879 0.0232162 0.0278042 -0.0136753 0.00874446 0.00926082 0.0318598 0.00851479 -0.0158508 0.00277019 0.0180496 -0.0185752 -0.0362994 0.00930225 0.0247529 -0.0220408 0.0350762 0.0207804 -0.0319239 0.00831421 0.0077907 0.00831032 -0.0153886 0.00912764 0.0112937 -0.032333 -0.00341767 -0.013559 -0.0336753 0.00640516
internal_weight=1661.95 327.424 300.04 26.7235 1334.53 1326.51 273.316 1298.79 38.0573 24.7864 100.058 27.384 16.6881 1260.73 81.4343 14.7185 66.7158 46.7441 15.7255 1179.3 1165.32 1153.61 35.9051 1117.7 953.988 24.0463 163.716 113.771 60.0523 53.7185
internal_count=4968 486 419 100 4482 4430 319 4389 257 128 158 67 115 4132 305 94 211 184 124 3827 3813 3756 311 3445 2622 148 823 698 449 249
cat_boundaries=0 1 2 3 4 5
cat_threshold=37636 1 64 671812 8192
is_linear=0
shrinkage=0.05


Tree=47
num_leaves=31
num_cat=4
split_feature=8 0 7 3 3 7 3 5 3 8 9 8 8 8 3 8 8 7 3 3 2 5 9 3 3 0 2 8 5 8
split_gain=27.3389 18.7695 15.6321 10.7561 34.6381 27.2448 14.8386 20.8966 17.9802 13.8038 8.66886 16.0026 8.44862 11.5911 9.54196 8.90192 24.8168 23.9559 23.391 33.4278 17.0469 13.678 11.2675 11.6923 10.947 21.8734 15.6821 20.4838 14.3742 14.0984
threshold=77.747383950000014 0 12.905989700000001 18.500000000000004 20.500000000000004 13.047648600000002 9.5000000000000018 11.500000000000002 3.5000000000000004 77.663828650000013 11.500000000000002 77.64912750000002 77.70915620000001 77.723700325000024 20.500000000000004 77.645502550000018 77.636337950000012 13.019838650000002 18.500000000000004 6.5000000000000009 1 6.5000000000000009 2.5000000000000004 2.5000000000000004 19.500000000000004 2 3 77.584970150000018 6.5000000000000009 77.619946550000009
decision_type=2 9 2 2 2 2 2 2 2 2 2 2 2 2 2 2 2 2 2 2 9 2 2 2 2 9 9 2 2 2
left_child=1 3 10 6 5 9 7 8 -1 -5 11 -3 15 -14 -15 16 20 18 19 21 22 -17 -4 -24 25 28 27 -27 -22 -28
right_child=-2 2 12 4 -6 -7 -8 -9 -10 -11 -12 -13 13 14 -16 17 -18 -19 -20 -21 24 -23 23 -25 -26 26 29 -29 -30 -31
leaf_value=0.02603908506189382 -0.068401341354617479 -0.055514802492620342 0.045819665156377566 -0.13988071624216364 0.028343062363467255 0.014103095523671625 0.051529029537659303 0.04217826730576036 -0.028141312323309926 -0.037966876948864768 -0.059878126133205804 0.079122201209524443 0.036305207295449671 -0.034477953445732505 0.03101818600182888 -0.028371952035120336 0.047103584302178383 -0.082300230603614841 0.0213801289285519 -0.086447948540836081 0.041857497818652306 0.03064537087308334 0.010391842277963701 -0.063370460776075693 0.0026239059028233293 -0.046885454445163954 0.013548420444399467 0.0094799915052559552 0.013459146762268831 -0.036141850104544876
leaf_weight=33.712971910834312 10.388273188844321 4.9103019908070582 4.1910296287387636 6.4993124753236788 83.497998885810375 12.954219043254851 65.498093664646149 64.126239895820618 28.055841937661171 6.7976164519786835 12.180304226465521 4.008824747055769 66.471394620835781 12.446402166038753 10.052073568105696 18.971975203603506 46.493613265454769 8.728623826056717 74.850506592541933 14.591320905834435 109.6961054187268 20.34626143425703 7.5028179641813066 18.92054707556963 282.54362710472196 28.642143309116364 465.55724153295159 36.863776925951242 75.041737524792552 14.72620829194784
leaf_count=42 76 93 13 29 114 18 45 57 66 35 243 8 85 49 17 91 89 54 181 82 179 64 48 217 1006 179 1311 133 230 73
internal_value=0.0124555 0.012968 0.0101673 0.024266 0.012593 -0.0375038 0.0322275 0.0221856 0.00142996 -0.0877806 -0.0324531 0.00499966 0.0109275 0.0258057 -0.00521499 0.00984932 0.0113613 -0.00213979 0.00329427 -0.021817 0.0097691 0.00216812 -0.0228738 -0.0424259 0.010874 0.0142137 0.0086038 -0.013157 0.0287648 0.0117796
internal_weight=1649.27 1638.88 1337.74 301.142 109.749 26.2511 191.393 125.895 61.7688 13.2969 21.0994 8.91913 1316.64 88.9699 22.4985 1227.67 1090.18 137.489 128.76 53.9096 1043.69 39.3182 30.6144 26.4234 1013.07 730.527 545.789 65.5059 184.738 480.283
internal_count=4927 4851 4445 406 196 82 210 165 108 64 344 101 4101 151 66 3950 3478 472 418 237 3389 155 278 265 3111 2105 1696 312 409 1384
cat_boundaries=0 1 2 3 4
cat_threshold=4484 266816 97 2113540
is_linear=0
shrinkage=0.05


Tree=48
num_leaves=31
num_cat=2
split_feature=0 2 5 3 4 7 3 3 7 3 5 9 7 7 7 7 7 7 3 4 9 4 4 3 9 3 9 9 9 4
split_gain=21.752 20.6204 18.0888 19.5287 16.8107 15.0959 34.3902 14.2072 8.97416 13.0329 11.2319 14.5267 8.75429 8.57271 11.6193 18.7892 13.0626 10.8682 23.1526 14.863 14.0666 27.0926 14.1471 10.4253 10.7584 9.57067 9.47572 14.0832 14.1168 11.149
threshold=0 1 1.5000000000000002 5.5000000000000009 1.0000000180025095e-35 13.014651200000001 21.500000000000004 1.5000000000000002 13.032613650000002 19.500000000000004 11.500000000000002 23.500000000000004 13.067516900000003 13.081705100000002 13.020124450000003 13.012931075000003 13.065735050000002 13.052727650000003 20.500000000000004 3.5000000000000004 17.500000000000004 1.5000000000000002 2.5000000000000004 1.5000000000000002 6.5000000000000009 14.500000000000002 13.500000000000002 17.500000000000004 19.500000000000004 4.5000000000000009
decision_type=9 9 2 2 2 2 2 2 2 2 2 2 2 2 2 2 2 2 2 2 2 2 2 2 2 2 2 2 2 2
left_child=12 2 7 4 -4 6 -5 -2 -7 10 11 -10 -1 14 15 26 17 18 19 20 22 -22 -16 -21 -25 -19 -3 29 -29 -28
right_child=1 13 3 5 -6 8 -8 -9 9 -11 -12 -13 -14 -15 16 -17 -18 25 -20 23 21 -23 -24 24 -26 -27 27 28 -30 -31
leaf_value=0.02463138218214718 0.021792038790200818 0.018724846124052175 0.032299229912815218 -0.06529459930097091 -0.060309223302678384 0.04556444232590675 0.051819499690235783 -0.063267544770026898 -0.061703639041188113 -0.03217321988146897 0.051539975785983828 0.038294277193358671 -0.0020833222263627925 0.036887478438552966 -0.002984968673083946 0.034313063364209466 -0.066743803570539634 -0.0056655575828378291 -0.071934858391767512 0.031172445361357576 0.020194244834365032 -0.079282772779782185 0.055981759701873003 0.012621919119562201 -0.070656105282742146 0.046135590937607808 -0.07182647815018893 0.053896826450110416 0.0065297546238562362 0.012050081553324758
leaf_weight=351.64813986420631 6.2592727653682259 213.57362544722855 6.4028144069016006 17.198953788727522 20.88244398124516 24.771976672112942 9.8631483502686041 22.757861103862524 6.6592003833502513 13.938140908256171 18.359453428536654 7.988786593079567 33.596011638641357 29.92757361754775 17.601908262819052 84.719434596598148 7.631509229540824 15.562215387821196 12.369454823434351 5.1274618748575476 20.159160643815998 10.363092897459863 24.096463041380048 5.263215575367215 14.737246725708244 20.880700580775738 10.087313173338773 16.15263350494206 600.81924053281546 6.5241859704256049
leaf_count=498 26 832 26 138 199 53 25 191 65 80 39 10 65 81 82 141 50 57 105 21 58 84 46 14 119 39 74 32 1695 34
internal_value=0.011381 0.00800707 -0.00876149 -0.00113381 -0.0385775 0.00920903 -0.0226108 -0.0449194 0.021216 0.00836796 0.0254874 -0.00716631 0.0217374 0.0103952 0.00976071 0.0118621 -0.00297206 0.000357663 -0.00750012 0.000687185 0.0122113 -0.0135808 0.0310905 -0.0324344 -0.0487411 0.024015 0.00961686 0.00654667 0.00776985 -0.0388839
internal_weight=1655.92 1270.68 155.082 126.065 27.2853 98.7797 27.0621 29.0171 71.7176 46.9456 33.0074 14.648 385.244 1115.6 1085.67 931.876 153.792 146.161 109.718 97.3485 72.2206 30.5223 41.6984 25.1279 20.0005 36.4429 847.157 633.583 616.972 16.6115
internal_count=4979 4416 852 635 225 410 163 217 247 194 114 75 563 3564 3483 2808 675 625 529 424 270 142 128 154 133 96 2667 1835 1727 108
cat_boundaries=0 1 2
cat_threshold=6020 1204236
is_linear=0
shrinkage=0.05


Tree=49
num_leaves=31
num_cat=2
split_feature=0 2 4 3 3 7 8 3 3 8 8 7 7 8 7 3 7 7 9 7 7 3 7 3 9 8 3 7 7 9
split_gain=22.9575 13.0496 19.4028 12.873 27.1213 26.0253 12.5193 11.6618 10.9808 14.0993 10.3628 13.7968 8.85935 13.7465 9.50266 27.6793 8.31278 15.2748 8.77062 7.53134 6.85591 15.4313 13.427 6.93878 11.3641 10.9851 13.6796 17.4722 17.5158 17.1935
threshold=0 1 4.5000000000000009 18.500000000000004 20.500000000000004 13.047648600000002 77.663828650000013 9.5000000000000018 1.0000000180025095e-35 77.696506150000019 77.626070850000019 12.969446300000003 12.951984300000001 77.522902935000019 12.924621750000002 5.5000000000000009 13.005029150000002 13.045979900000001 129.50000000000003 12.973749300000001 12.907220350000001 4.5000000000000009 12.912429750000003 5.5000000000000009 221.50000000000003 77.584443550000017 18.500000000000004 12.938772350000002 12.976678750000001 18.500000000000004
decision_type=9 9 2 2 2 2 2 2 2 2 2 2 2 2 2 2 2 2 2 2 2 2 2 2 2 2 2 2 2 2
left_child=3 2 8 7 5 6 -5 16 -2 12 -6 -12 14 -14 15 -10 18 -18 19 -1 21 -3 -22 -24 25 26 29 -28 -29 -25
right_child=1 20 -4 4 10 -7 -8 -9 9 -11 11 -13 13 -15 -16 -17 17 -19 -20 -21 22 -23 23 24 -26 -27 27 28 -30 -31
leaf_value=0.0049974280347074851 0.040804791696164577 0.02282646002086625 -0.062221955006749888 -0.13023263498354884 0.033218857857852772 0.017549880973514006 -0.034061465558487825 0.048917471622268928 0.047539701536033617 -0.0689099979455704 0.028076067097547813 -0.047933140340677582 0.026043967376428556 -0.041794121745524937 0.032613161462811555 -0.076139571962504302 -0.032762279961780785 0.024772950396604747 0.054031854208824108 0.03852825825442488 0.047330724320504919 -0.055019528038275978 0.0035021130366637192 0.043274492008487465 0.06036618905971565 0.015653626759369432 0.032751581839737566 -0.043142991249446573 -0.0023733061309404086 0.0038920219467473401
leaf_weight=33.431658178567886 13.755189970135687 12.694587008096279 14.685434322804211 6.9001960456371325 65.495829984545708 12.23200738430023 6.6407594233751297 61.830441206693649 9.0604120548814553 8.3834687732160074 13.710597112774851 10.574873760342596 11.020646715536712 23.163482990115881 27.004308026283979 9.0347282122820598 16.40970304608345 38.83962619304657 30.796744234859943 33.554464668035507 23.618847858160734 12.769785518757997 361.2211080212146 38.116000615060329 11.893693938851355 494.02981029637158 23.217144869267941 37.417410656809807 89.026806857436895 101.55180657655001
leaf_count=56 32 92 145 30 67 16 34 46 19 50 24 43 51 201 72 63 38 50 21 32 45 278 1270 67 8 1245 39 163 365 300
internal_value=0.0109739 0.0078197 -0.00783247 0.0226681 0.00989661 -0.0353143 -0.0830683 0.0305917 -0.00072941 -0.00724624 0.022875 -0.00502141 -0.000725891 -0.0199238 0.0138256 -0.0142122 0.0231874 0.00768431 0.031947 0.0217936 0.0093792 -0.0162115 0.0100109 0.0092487 0.0118589 0.0111224 0.00338543 -0.00711733 -0.0144379 0.0146397
internal_weight=1652.08 1321.66 116.108 330.417 115.554 25.773 13.541 214.863 101.422 87.667 89.7813 24.2855 79.2836 34.1841 45.0994 18.0951 153.032 55.2493 97.7829 66.9861 1205.56 25.4644 1180.09 1156.47 795.253 783.359 289.329 149.661 126.444 139.668
internal_count=4962 4505 633 457 214 80 64 243 488 456 134 67 406 252 154 82 197 88 109 88 3872 370 3502 3457 2187 2179 934 567 528 367
cat_boundaries=0 1 2
cat_threshold=4996 3478016
is_linear=0
shrinkage=0.05


Tree=50
num_leaves=31
num_cat=1
split_feature=7 0 3 3 7 3 5 5 4 8 8 8 7 8 8 5 4 8 8 3 3 9 9 4 7 7 7 3 3 8
split_gain=29.774 12.4236 11.3531 22.638 30.1738 11.4519 17.2335 12.7671 12.9223 11.214 11.1443 12.2583 7.36918 6.14955 12.3621 12.3123 13.8848 11.7256 15.7592 14.5392 25.7354 24.2644 14.925 11.4702 8.19665 22.1217 18.0366 16.2738 23.989 19.3632
threshold=13.124429500000002 0 18.500000000000004 20.500000000000004 13.047648600000002 9.5000000000000018 11.500000000000002 1.5000000000000002 3.5000000000000004 77.663828650000013 77.453510250000008 77.473412700000011 13.116610300000001 77.70915620000001 77.717893550000028 1.5000000000000002 3.5000000000000004 77.656037400000017 77.661686200000005 18.500000000000004 6.5000000000000009 12.500000000000002 81.500000000000014 2.5000000000000004 13.017471850000002 13.012931075000003 13.020124450000003 19.500000000000004 10.500000000000002 77.531947650000021
decision_type=2 9 2 2 2 2 2 2 2 2 2 2 2 2 2 2 2 2 2 2 2 2 2 2 2 2 2 2 2 2
left_child=1 2 5 4 9 6 7 -1 -9 -4 -3 -12 13 17 -15 -16 23 24 -19 20 22 -21 -20 -17 25 -13 -26 28 29 -28
right_child=-2 10 3 -5 -6 -7 -8 8 -10 -11 11 12 -14 14 15 16 -18 18 19 21 -22 -23 -24 -25 26 -27 27 -29 -30 -31
leaf_value=0.02159799898260277 -0.072837182689136651 -0.063542381201748488 -0.12427709583949612 0.021734392215623601 0.019681675845036585 0.047121075543511554 0.037507493029956596 -0.056187582977843299 0.010941059613948726 -0.034583850765529937 0.038986932261502301 0.008983757473129848 0.053548522961409974 0.035962475262553383 0.029357452415815912 -0.035315235310099162 -0.074308878687497998 -0.073132664560910318 -0.061211232674623195 0.040881561264115587 -0.08826831955604382 -0.024840579586845137 0.015767368125740248 0.042335732602982901 -0.06684776626873401 0.043868422212971409 -0.060779607048870032 -0.022098277735882674 0.033292166341663661 0.0035181616987749174
leaf_weight=35.883775249123573 10.638297842815517 5.2965637631714335 7.4868468493223208 80.638651989400387 14.904681637883185 56.863503336906433 70.228513590991497 14.566014483571054 14.11728762090206 6.5192663446068764 33.505304262042046 765.88401179667562 8.9563929289579374 55.038361433893442 22.034796662628651 9.6828538626432454 8.4147922061383706 8.654847724363206 8.232495201751588 34.07157626748085 11.598365273326634 23.891692904755473 26.778945000842214 9.3459663316607475 9.5150222405791265 48.311938811093569 13.18549659848213 49.645963978022337 69.918141147121787 104.57754360698164
leaf_count=46 94 38 32 122 19 44 68 43 22 33 60 2470 29 65 37 44 61 63 69 75 67 92 65 19 69 101 136 294 140 457
internal_value=0.0105383 0.0110832 0.0202909 0.00812488 -0.0298351 0.0283034 0.0203652 0.00171987 -0.0231483 -0.0825286 0.00877333 0.00912963 0.00835278 0.00803624 0.0196583 0.00152203 -0.0208273 0.00700181 -0.00829294 -0.00292657 -0.0237172 0.0137918 -0.00233317 0.00282288 0.00863397 0.0110537 0.000652601 0.00335886 0.0100928 -0.00368102
internal_weight=1638.39 1627.75 301.209 109.549 28.9108 191.659 134.796 64.5671 28.6833 14.0061 1326.54 1321.24 1287.74 1278.78 104.517 49.4784 27.4436 1174.27 113.228 104.573 46.6098 57.9633 35.0114 19.0288 1061.04 814.196 246.842 237.327 187.681 117.763
internal_count=4974 4880 429 206 84 223 179 111 65 65 4451 4413 4353 4324 226 161 124 4098 431 368 201 167 134 63 3667 2571 1096 1027 733 593
cat_boundaries=0 1
cat_threshold=4996
is_linear=0
shrinkage=0.05


Tree=51
num_leaves=31
num_cat=2
split_feature=0 7 3 7 3 2 9 9 5 3 9 9 3 5 7 9 4 9 7 5 7 9 3 3 7 7 4 4 9 7
split_gain=17.5418 16.2978 9.14169 12.0383 7.08766 33.1741 25.7622 21.1229 22.1415 19.2028 16.8086 18.2816 20.227 14.5762 13.5861 13.524 14.7252 11.1863 14.3427 10.8874 9.79084 9.20282 55.1514 15.8118 18.3851 15.5231 15.2545 12.5409 14.3353 18.0608
threshold=0 13.042103600000003 18.500000000000004 13.095504350000001 20.500000000000004 1 113.50000000000001 13.500000000000002 1.5000000000000002 21.500000000000004 128.50000000000003 217.50000000000003 21.500000000000004 1.5000000000000002 12.974365650000001 96.500000000000014 1.5000000000000002 15.500000000000002 12.999399800000001 1.5000000000000002 12.950183600000001 9.5000000000000018 18.500000000000004 8.5000000000000018 13.086187200000003 13.081705100000002 3.5000000000000004 2.5000000000000004 4.5000000000000009 12.921762150000001
decision_type=9 2 2 2 2 9 2 2 2 2 2 2 2 2 2 2 2 2 2 2 2 2 2 2 2 2 2 2 2 2
left_child=1 -1 3 -3 21 7 9 -6 -9 -7 13 12 14 20 -12 16 19 -18 -19 -11 -8 22 26 24 25 -23 27 28 -2 -30
right_child=4 2 -4 -5 5 6 10 8 -10 15 11 -13 -14 -15 -16 -17 17 18 -20 -21 -22 23 -24 -25 -26 -27 -28 -29 29 -31
leaf_value=0.027603909055080228 0.038290357899816364 -0.016856992495800052 -0.031896434635966468 0.037665509386173704 0.05567078659968925 -0.068210947193604057 0.02312641544059596 0.044616571864723426 -0.03453042716691801 0.066372081287915954 0.027606278274206166 0.042708011577420817 -0.077367347315809479 0.037110262822402026 -0.044861560425952032 -0.075280652171117346 -0.068332336246795605 0.03549449691439463 -0.065560883471127859 -0.004457994808664132 -0.04754200209546687 0.00664149990351506 -0.072791123350467488 0.020272617404621319 -0.059548845023107366 0.066318678879432463 -0.015214685707702867 0.043700353701312422 0.038694828686398945 -0.04372854913866267
leaf_weight=248.47912087291479 20.39644980058074 19.63194739818573 17.598259150981903 20.90413124114275 39.78244736045599 25.196890539489686 9.2309891041368264 16.648070156574249 18.832153238356113 8.9980793744325656 14.441943731158974 10.380510125309227 15.204753645695744 45.47945792786777 11.713263645768164 8.198519526049493 11.498438166454436 9.2851820755749923 5.6463265828788272 13.664102917537091 10.449580505490301 540.83465319406241 23.041986734606326 339.57003158517182 10.309003769420086 11.120908498764036 38.161103857681155 39.286882620304823 9.9968782532960194 19.829710941761732
leaf_count=330 53 40 42 23 72 219 28 22 69 20 41 17 107 86 44 53 115 38 51 65 42 1746 172 843 119 11 230 93 27 129
internal_value=0.0106128 0.0213323 -0.00180431 0.0112598 0.00791594 0.000822656 -0.0099398 0.0270601 0.00260702 -0.031834 0.00465894 -0.0166177 -0.0315072 0.0215537 -0.00484748 -0.0158351 -0.00590754 -0.0312646 -0.00271944 0.0236653 -0.0143956 0.00984206 -0.00159456 0.0117533 0.00660826 0.00784389 0.011255 0.0225399 0.0059871 -0.016103
internal_weight=1633.81 306.613 58.1343 40.5361 1327.2 274.651 199.388 75.2627 35.4802 82.4875 116.9 51.7405 41.36 65.16 26.1552 57.2906 49.0921 26.4299 14.9315 22.6622 19.6806 1052.55 150.713 901.835 562.265 551.956 127.671 89.5099 50.223 29.8266
internal_count=4947 435 105 63 4512 1089 926 163 91 561 365 209 192 156 85 342 289 204 89 85 70 3423 704 2719 1876 1757 532 302 209 156
cat_boundaries=0 1 2
cat_threshold=4996 3155232
is_linear=0
shrinkage=0.05


Tree=52
num_leaves=31
num_cat=3
split_feature=0 1 3 9 8 9 9 7 4 4 8 7 0 5 5 7 7 3 8 9 7 8 3 8 8 4 3 7 7 7
split_gain=17.8629 10.4789 14.149 19.2044 30.5368 6.90365 6.55353 37.0765 23.8705 11.2319 23.6743 16.8853 12.977 22.1871 35.8285 23.0137 15.8415 34.9572 24.3146 16.8718 16.7105 16.0265 12.8379 18.2199 22.1244 13.876 19.6317 12.0316 20.1419 10.3827
threshold=0 1 17.500000000000004 28.500000000000004 77.612288950000007 114.50000000000001 171.50000000000003 12.979906800000002 3.5000000000000004 5.5000000000000009 77.568786400000008 12.956746900000001 2 1.5000000000000002 6.5000000000000009 13.039320250000001 13.038821500000003 19.500000000000004 77.461525000000009 130.50000000000003 12.987551600000002 77.496419450000005 18.500000000000004 77.598434250000011 77.747383950000014 3.5000000000000004 2.5000000000000004 12.961435500000002 12.924621750000002 12.998607700000003
decision_type=9 1 2 2 2 2 2 2 2 2 2 2 9 2 2 2 2 2 2 2 2 2 2 2 2 2 2 2 2 2
left_child=5 6 -3 4 -4 -1 9 -8 -9 12 11 -11 13 -2 -15 -16 19 22 -19 21 27 -14 23 25 -25 -18 -27 28 -21 -23
right_child=1 2 3 -5 -6 -7 7 8 -10 10 -12 -13 16 14 15 -17 17 18 -20 20 -22 29 -24 24 -26 26 -28 -29 -30 -31
leaf_value=0.016908813082111972 -0.080550092369768345 0.034704541898235304 0.016418857214198702 0.02844343608335799 -0.08538755865766301 0.04766256352326087 -0.083284911028968747 0.031886831043041623 -0.039627944816878494 0.018439754710129184 0.028141689692369659 -0.052026297954989066 0.042498403909818815 0.038638819332141056 -0.07062121925095842 0.027592454644263659 0.018212858513701465 0.038384692749845135 -0.073938077885389059 0.042644972190603564 -0.002708576620895322 0.0019486191021554139 0.035320268321219789 -0.077031487979013935 0.055676163936611733 0.026341812373242981 -0.070347229864615307 0.048173558651861681 -0.042262749864018762 0.015307023160449349
leaf_weight=29.282994665205479 11.218303093686698 82.873147755861282 17.875750511884693 35.989315278828144 12.527711749076841 48.426026895642281 13.227768997661768 38.068325109779835 16.825572267174721 16.367787247523665 145.77719824761152 17.68900278955698 30.575071757659316 26.422098736278713 20.430543751455847 8.4239799305796605 62.813681332394481 5.8878335654735556 26.517758090049028 18.21450800634921 36.625740274786949 538.61098880786449 26.845034033060074 14.54256975464523 4.0057472437620154 9.2683843225240725 12.108056800439952 69.53824307769537 11.328924529254435 199.27777699381113
leaf_count=44 76 85 24 41 77 36 99 54 55 44 340 133 36 62 223 14 223 16 211 75 74 1850 49 147 4 26 89 76 39 629
internal_value=0.00968141 0.00828666 0.0209259 0.00372704 -0.0255304 0.0319608 0.00698018 -0.0081407 0.00996678 0.007765 0.0193731 -0.0181601 0.00592196 -0.0142899 -0.00342772 -0.0419481 0.00724859 -0.00708265 -0.0535299 0.00989631 0.0261494 0.00702608 0.00453265 -0.00351199 -0.0483716 0.00637123 -0.0284249 0.0368168 0.0100857 0.00555625
internal_weight=1607.59 1529.88 149.266 66.3928 30.4035 77.709 1380.61 68.1217 54.8939 1312.49 179.834 34.0568 1132.66 66.4949 55.2766 28.8545 1066.16 161.989 32.4056 904.171 135.707 768.464 129.583 102.738 18.5483 84.1901 21.3764 99.0817 29.5434 737.889
internal_count=4951 4871 227 142 101 80 4644 208 109 4436 517 177 3919 375 299 237 3544 765 227 2779 264 2515 538 489 151 338 115 190 114 2479
cat_boundaries=0 1 2 3
cat_threshold=4864 2 1088
is_linear=0
shrinkage=0.05


Tree=53
num_leaves=31
num_cat=3
split_feature=0 7 8 3 9 2 3 7 9 7 7 7 8 7 7 8 4 7 8 9 9 3 8 5 3 7 7 8 9 2
split_gain=15.0724 20.2121 15.0737 14.6511 7.40609 6.78995 17.0584 6.27942 5.76045 5.75234 9.06957 5.49034 13.0225 10.0466 25.4144 9.34094 12.3235 6.06381 9.49331 28.1791 13.8536 18.2284 8.32649 7.75837 27.1542 16.4112 17.5029 15.4529 21.2271 11.6594
threshold=0 13.042103600000003 77.681312700000021 18.500000000000004 127.50000000000001 1 14.500000000000002 12.925722600000002 7.5000000000000009 13.023740200000001 12.914526800000003 12.907220350000001 77.64912750000002 12.912429750000003 12.916880950000001 77.651258550000009 5.5000000000000009 12.934735850000001 77.621569600000015 14.500000000000002 97.500000000000014 5.5000000000000009 77.64912750000002 6.5000000000000009 21.500000000000004 12.98931355 13.014112150000001 77.516710250000017 116.50000000000001 2
decision_type=9 2 2 2 2 9 2 2 2 2 2 2 2 2 2 2 2 2 2 2 2 2 2 2 2 2 2 2 2 9
left_child=1 2 7 -3 8 6 9 -1 -4 10 -2 12 -7 -13 -15 -14 -17 18 19 -16 -21 -22 -20 27 -25 -26 -27 28 -19 -29
right_child=5 3 4 -5 -6 11 -8 -9 -10 -11 -12 13 15 14 17 16 -18 23 22 20 21 -23 -24 24 25 26 -28 29 -30 -31
leaf_value=0.010254651124823821 0.03237996061365616 0.007100630237745955 -0.0010845364995660314 -0.04781139425091855 0.03270533547355943 -0.056176566930850408 -0.066444713589928095 0.032261978122797567 -0.050013191569410913 0.03416560980944261 -0.060697207377754941 0.03920338147092458 0.084638107274134178 -0.070710321138562682 -0.074708788541451118 -0.058067777862306359 0.054538216703096942 -0.065679651499212732 0.055772340304494732 0.046399365572979745 0.036220777999999482 -0.065844408180563335 0.014551402184470919 0.0051079065748051425 -0.073455363241281504 0.021905539040827371 -0.067939272669185008 -0.013359388097631313 0.0091567085834825708 0.014131473213081691
leaf_weight=38.548405207693577 4.857731034979226 48.497696800157428 14.978099852800371 16.206306487321854 8.7493067234754545 11.29570567328483 11.777013118378816 203.66560397669673 10.05289353430271 10.799328971654175 5.6744874380528927 24.053624205291271 3.6699390988796941 10.545710952952502 9.311198038980363 5.5520140379667264 4.3204187862575054 15.510331803932784 24.009050209075212 23.82121155783534 9.2308692559599894 8.3150848597288114 25.014962442219257 450.20527279190719 17.792767098173499 15.304653491824867 8.3938369955867511 36.251405877992511 24.353759992867708 503.39576071314514
leaf_count=66 19 87 48 47 13 269 106 232 52 41 55 49 5 67 67 90 8 136 30 62 18 73 65 1460 108 38 72 261 67 1268
internal_value=0.0087193 0.0179716 0.0243957 -0.0066531 -0.00689374 0.00603437 -0.0139343 0.0287595 -0.0207352 0.00852415 -0.0177676 0.00667974 -0.0165352 0.00721346 0.00656217 0.0165297 -0.00878863 0.00725812 0.0190522 0.00387756 0.0215663 -0.0121482 0.034739 0.00616039 0.00154082 -0.0371642 -0.00991686 0.0100799 -0.0199606 0.0122991
internal_weight=1604.15 340.698 275.994 64.704 33.7803 1263.46 33.1086 242.214 25.031 21.3315 10.5322 1230.35 24.8381 1205.51 1181.46 13.5424 9.87243 1170.91 99.7024 50.6784 41.3672 17.546 49.024 1071.21 491.697 41.4913 23.6985 579.511 39.8641 539.647
internal_count=4979 545 411 134 113 4434 221 298 100 115 74 4213 372 3841 3792 103 98 3725 315 220 153 91 95 3410 1678 218 110 1732 203 1529
cat_boundaries=0 1 2 3
cat_threshold=37764 81920 2363400
is_linear=0
shrinkage=0.05


Tree=54
num_leaves=31
num_cat=2
split_feature=0 9 3 3 3 8 9 8 3 8 8 3 9 9 9 3 5 8 3 5 3 9 0 8 9 9 8 9 8 3
split_gain=14.815 6.73755 12.4719 13.4562 23.4645 9.36299 9.31798 5.81732 8.30995 5.55796 13.5145 16.5126 13.8837 22.8547 17.6945 15.3495 14.5389 13.2016 9.6734 9.337 20.5358 20.4607 19.9085 25.1883 16.1246 24.5475 17.6074 34.8557 26.5093 14.2804
threshold=0 19.500000000000004 18.500000000000004 22.500000000000004 20.500000000000004 77.581836200000012 7.5000000000000009 77.747383950000014 5.5000000000000009 77.70915620000001 77.656037400000017 2.5000000000000004 96.500000000000014 6.5000000000000009 127.50000000000001 6.5000000000000009 1.5000000000000002 77.636337950000012 19.500000000000004 6.5000000000000009 4.5000000000000009 10.500000000000002 1 77.504803050000007 129.50000000000003 126.50000000000001 77.606339350000027 121.50000000000001 77.596331600000013 18.500000000000004
decision_type=9 2 2 2 2 2 2 2 2 2 2 2 2 2 2 2 2 2 2 2 2 2 9 2 2 2 2 2 2 2
left_child=1 2 6 4 -4 -3 -1 9 -9 10 17 -12 13 -13 16 -16 -14 19 -19 22 21 -21 23 -2 25 26 28 -28 -25 -24
right_child=7 5 3 -5 -6 -7 -8 8 -10 -11 11 12 14 -15 15 -17 -18 18 -20 20 -22 -23 29 24 -26 -27 27 -29 -30 -31
leaf_value=0.039697100666848811 -0.074774365735881976 0.0055880143241733111 -0.097492195949369587 0.035549509765116234 -0.00024933540665883323 0.033716086984438287 0.0012379327370530184 0.015426306871857101 -0.067042193448872023 0.019360490616892288 -0.074270024834251103 -0.066466892524087551 0.0031709450915097929 0.02554620214226231 0.046024180831265214 -0.030326229352776759 -0.08744503993092359 0.035999975391906532 -0.01322395434409032 -0.071906213062042978 0.0069087989392013667 -0.0091771052392612129 0.035860124208978571 0.0015757320061446428 0.032227643829086626 -0.084344561661384945 -0.053581121342826513 0.065665700365107146 0.041850617671670816 0.0041420003437211955
leaf_weight=39.075896419584751 9.8551713526248914 39.233177937567234 8.7093562036752719 11.379509776830671 21.560768038034439 120.30712835490704 26.382741689682007 5.8432761225849372 6.4007182270288467 84.265195295214653 9.3001507986336929 7.874140102416276 6.4230782426893738 47.214028287678957 11.479121625423433 15.432974290102718 14.240551160648463 62.355684980750084 11.882834328338502 15.012578146532176 362.68551832437515 96.936163546517491 115.20769790001214 240.34979609400034 51.468800565227866 8.0039190873503667 28.942025374621153 7.7740665078163138 49.225021040998399 51.282828812487423
leaf_count=36 69 62 48 11 57 136 45 29 42 163 72 59 23 145 19 55 78 159 59 116 1276 427 221 873 80 39 208 6 118 197
internal_value=0.00891662 0.0195535 0.0105867 -0.0108028 -0.0282282 0.026799 0.0241963 0.00656903 -0.0276852 0.00694013 0.00608432 -0.0104726 -0.00469333 0.0123941 -0.024479 0.00224038 -0.059278 0.00775292 0.028121 0.00629441 0.00113062 -0.0175892 0.0106546 0.00405623 0.00617528 0.0021642 0.00428626 -0.0283324 0.00842209 0.0246119
internal_weight=1586.1 266.649 107.108 41.6496 30.2701 159.54 65.4586 1319.46 12.244 1307.21 1222.95 111.964 102.664 55.0882 47.5757 26.9121 20.6636 1110.98 74.2385 1036.74 474.634 111.949 562.109 395.619 385.764 334.295 326.291 36.7161 289.575 166.491
internal_count=4928 395 197 116 105 198 81 4533 71 4462 4299 451 379 204 175 74 101 3848 218 3630 1819 543 1811 1393 1324 1244 1205 214 991 418
cat_boundaries=0 1 2
cat_threshold=4484 9218
is_linear=0
shrinkage=0.05


Tree=55
num_leaves=31
num_cat=2
split_feature=0 8 9 8 5 8 8 8 8 8 9 7 7 7 9 5 8 4 5 4 8 9 4 0 7 7 4 8 7 7
split_gain=17.1057 9.63409 28.3596 12.9744 12.6038 10.5127 13.7057 10.1538 13.5829 21.1459 16.1145 13.1104 12.3356 8.91787 9.53789 22.2152 9.05093 9.29897 10.0798 8.82452 8.6935 13.7815 15.4225 24.2675 33.6599 15.0393 34.7554 13.0956 13.5017 18.3589
threshold=0 77.723700325000024 118.50000000000001 77.70915620000001 1.5000000000000002 77.656037400000017 77.661686200000005 77.636337950000012 77.619946550000009 77.626441100000008 2.5000000000000004 12.936473250000002 13.031720950000002 13.042103600000003 104.50000000000001 1.5000000000000002 77.665272500000015 1.0000000180025095e-35 1.5000000000000002 1.5000000000000002 77.583953400000013 221.50000000000003 2.5000000000000004 1 12.985113100000001 12.959852025000002 4.5000000000000009 77.507068050000015 13.045979900000001 13.021236600000002
decision_type=9 2 2 2 2 2 2 2 2 2 2 2 2 2 2 2 2 2 2 2 2 2 2 9 2 2 2 2 2 2
left_child=13 3 4 5 -3 7 -7 8 20 10 -10 -11 -13 16 15 -15 -1 -18 -19 -5 21 22 23 24 -2 -24 -27 -25 29 -29
right_child=1 2 -4 19 -6 6 -8 -9 9 11 -12 12 -14 14 -16 -17 17 18 -20 -21 -22 -23 25 27 -26 26 -28 28 -30 -31
leaf_value=0.028729933559787126 -0.039477543345852656 0.054291333692036294 -0.075315371501542938 0.049929512991884167 -0.022885574106228528 -0.070611524695787617 -0.0041694693555994998 0.025256169130094031 0.034843142991336 0.04510949573651768 -0.069759593326078048 -0.075746415065616302 0.020123489162599741 0.028384865364787709 0.020474262168706906 -0.057503385414519527 0.033340547399570604 0.022494073872672452 -0.046002834903998084 0.011884113354711326 0.011890989668937785 0.048905840095279138 0.024557320959076284 -0.071866504824168911 0.049725439998126307 0.016235140474065868 -0.028800062882936395 -0.013335474460319865 0.042147532625308785 -0.069942598876385376
leaf_weight=197.58799506723881 15.315193564631043 10.83397237211466 13.899192206561564 27.898334175348282 10.338136490434406 8.4380893949419242 96.825511975213885 71.559274287894368 4.4579489231109646 14.162789396941664 21.149957786314189 6.1838877722620946 7.3355599269270897 14.244163930416107 38.711656659841537 15.969293892383575 14.150671526789663 8.9826882556080836 13.357758618891237 33.595367562025785 481.65835774317384 15.442653976380823 94.939305366016924 11.711585031822322 34.170352570712566 119.63563504628837 66.740234136581421 104.82009087689221 9.0773526504635793 16.59037402831018
leaf_count=225 65 13 90 27 48 66 365 218 16 49 185 48 37 17 50 49 20 18 66 62 1484 14 264 85 52 379 351 430 19 127
internal_value=0.00864425 0.00597979 -0.0198232 0.00674442 0.0166066 0.00559674 -0.00949556 0.00704765 0.00577444 -0.0188027 -0.0515498 0.0114906 -0.0237281 0.0192159 0.0040424 -0.0170113 0.0245047 0.00162652 -0.0184615 0.0291445 0.00712453 0.00242427 0.000906725 -0.0100308 0.0183999 0.00835943 0.000108267 -0.0198245 -0.0166729 -0.0210707
internal_weight=1599.78 1296.78 35.0713 1261.71 21.1721 1200.21 105.264 1094.95 1023.39 53.2901 25.6079 27.6822 13.5194 303.004 68.9251 30.2135 234.079 36.4911 22.3404 61.4937 970.101 488.443 473 191.685 49.4855 281.315 186.376 142.199 130.488 121.41
internal_count=4939 4494 151 4343 61 4254 431 3823 3605 335 201 134 85 445 116 66 329 104 84 89 3270 1786 1772 778 117 994 730 661 576 557
cat_boundaries=0 1 2
cat_threshold=4996 32801
is_linear=0
shrinkage=0.05


end of trees

feature_importances:
latitude=393
longitude=381
corridor_recent_count=305
hour=232
dow=129
month=95
event_cause=78
corridor=56
event_type=10
is_weekend=1

parameters:
[boosting: gbdt]
[objective: binary]
[metric: auc]
[tree_learner: serial]
[device_type: cpu]
[data_sample_strategy: bagging]
[data: ]
[valid: ]
[num_iterations: 500]
[learning_rate: 0.05]
[num_leaves: 31]
[num_threads: 0]
[seed: 42]
[deterministic: 0]
[force_col_wise: 0]
[force_row_wise: 0]
[histogram_pool_size: -1]
[max_depth: -1]
[min_data_in_leaf: 30]
[min_sum_hessian_in_leaf: 0.001]
[bagging_fraction: 0.9]
[pos_bagging_fraction: 1]
[neg_bagging_fraction: 1]
[bagging_freq: 1]
[bagging_seed: 400]
[bagging_by_query: 0]
[feature_fraction: 0.9]
[feature_fraction_bynode: 1]
[feature_fraction_seed: 30056]
[extra_trees: 0]
[extra_seed: 12879]
[early_stopping_round: 0]
[early_stopping_min_delta: 0]
[first_metric_only: 0]
[max_delta_step: 0]
[lambda_l1: 0]
[lambda_l2: 0]
[linear_lambda: 0]
[min_gain_to_split: 0]
[drop_rate: 0.1]
[max_drop: 50]
[skip_drop: 0.5]
[xgboost_dart_mode: 0]
[uniform_drop: 0]
[drop_seed: 17869]
[top_rate: 0.2]
[other_rate: 0.1]
[min_data_per_group: 100]
[max_cat_threshold: 32]
[cat_l2: 10]
[cat_smooth: 10]
[max_cat_to_onehot: 4]
[top_k: 20]
[monotone_constraints: ]
[monotone_constraints_method: basic]
[monotone_penalty: 0]
[feature_contri: ]
[forcedsplits_filename: ]
[refit_decay_rate: 0.9]
[cegb_tradeoff: 1]
[cegb_penalty_split: 0]
[cegb_penalty_feature_lazy: ]
[cegb_penalty_feature_coupled: ]
[path_smooth: 0]
[interaction_constraints: ]
[verbosity: -1]
[saved_feature_importance_type: 0]
[use_quantized_grad: 0]
[num_grad_quant_bins: 4]
[quant_train_renew_leaf: 0]
[stochastic_rounding: 1]
[linear_tree: 0]
[max_bin: 255]
[max_bin_by_feature: ]
[min_data_in_bin: 3]
[bin_construct_sample_cnt: 200000]
[data_random_seed: 175]
[is_enable_sparse: 1]
[enable_bundle: 1]
[use_missing: 1]
[zero_as_missing: 0]
[feature_pre_filter: 1]
[pre_partition: 0]
[two_round: 0]
[header: 0]
[label_column: ]
[weight_column: ]
[group_column: ]
[ignore_column: ]
[categorical_feature: 0,1,2]
[forcedbins_filename: ]
[precise_float_parser: 0]
[parser_config_file: ]
[objective_seed: 16083]
[num_class: 1]
[is_unbalance: 0]
[scale_pos_weight: 14.0383]
[sigmoid: 1]
[boost_from_average: 1]
[reg_sqrt: 0]
[alpha: 0.9]
[fair_c: 1]
[poisson_max_delta_step: 0.7]
[tweedie_variance_power: 1.5]
[lambdarank_truncation_level: 30]
[lambdarank_norm: 1]
[label_gain: ]
[lambdarank_position_bias_regularization: 0]
[eval_at: ]
[multi_error_top_k: 1]
[auc_mu_weights: ]
[num_machines: 1]
[local_listen_port: 12400]
[time_out: 120]
[machine_list_filename: ]
[machines: ]
[gpu_platform_id: -1]
[gpu_device_id: -1]
[gpu_use_dp: 0]
[num_gpu: 1]

end of parameters

pandas_categorical:[["accident", "congestion", "construction", "debris", "fog / low visibility", "others", "pot_holes", "procession", "protest", "public_event", "road_conditions", "test_demo", "tree_fall", "vehicle_breakdown", "vip_movement", "water_logging"], ["planned", "unplanned"], ["Airport New South Road", "Bannerghata Road", "Bellary Road 1", "Bellary Road 2", "CBD 1", "CBD 2", "Hennur Main Road", "Hosur Road", "IRR(Thanisandra road)", "Magadi Road", "Mysore Road", "Non-corridor", "ORR East 1", "ORR East 2", "ORR North 1", "ORR North 2", "ORR West 1", "Old Airport Road", "Old Madras Road", "Tumkur Road", "Varthur Road", "West of Chord Road"]]
